,"2017","2017","2017","2016","2016","2016","2015","2015","2015","2014","2014","2014","2013","2013","2013","2012","2012","2012","2011","2011","2011","2010","2010","2010","2009","2009","2009","2008","2008","2008","2007","2007","2007","2006","2006","2006","2005","2005","2005","2004","2004","2004","2003","2003","2003","2002","2002","2002","2001","2001","2001","2000","2000","2000"
,"Number of deaths","Number of deaths","Number of deaths","Number of deaths","Number of deaths","Number of deaths","Number of deaths","Number of deaths","Number of deaths","Number of deaths","Number of deaths","Number of deaths","Number of deaths","Number of deaths","Number of deaths","Number of deaths","Number of deaths","Number of deaths","Number of deaths","Number of deaths","Number of deaths","Number of deaths","Number of deaths","Number of deaths","Number of deaths","Number of deaths","Number of deaths","Number of deaths","Number of deaths","Number of deaths","Number of deaths","Number of deaths","Number of deaths","Number of deaths","Number of deaths","Number of deaths","Number of deaths","Number of deaths","Number of deaths","Number of deaths","Number of deaths","Number of deaths","Number of deaths","Number of deaths","Number of deaths","Number of deaths","Number of deaths","Number of deaths","Number of deaths","Number of deaths","Number of deaths","Number of deaths","Number of deaths","Number of deaths"
,"Birth asphyxia and birth trauma","Birth asphyxia and birth trauma","Birth asphyxia and birth trauma","Birth asphyxia and birth trauma","Birth asphyxia and birth trauma","Birth asphyxia and birth trauma","Birth asphyxia and birth trauma","Birth asphyxia and birth trauma","Birth asphyxia and birth trauma","Birth asphyxia and birth trauma","Birth asphyxia and birth trauma","Birth asphyxia and birth trauma","Birth asphyxia and birth trauma","Birth asphyxia and birth trauma","Birth asphyxia and birth trauma","Birth asphyxia and birth trauma","Birth asphyxia and birth trauma","Birth asphyxia and birth trauma","Birth asphyxia and birth trauma","Birth asphyxia and birth trauma","Birth asphyxia and birth trauma","Birth asphyxia and birth trauma","Birth asphyxia and birth trauma","Birth asphyxia and birth trauma","Birth asphyxia and birth trauma","Birth asphyxia and birth trauma","Birth asphyxia and birth trauma","Birth asphyxia and birth trauma","Birth asphyxia and birth trauma","Birth asphyxia and birth trauma","Birth asphyxia and birth trauma","Birth asphyxia and birth trauma","Birth asphyxia and birth trauma","Birth asphyxia and birth trauma","Birth asphyxia and birth trauma","Birth asphyxia and birth trauma","Birth asphyxia and birth trauma","Birth asphyxia and birth trauma","Birth asphyxia and birth trauma","Birth asphyxia and birth trauma","Birth asphyxia and birth trauma","Birth asphyxia and birth trauma","Birth asphyxia and birth trauma","Birth asphyxia and birth trauma","Birth asphyxia and birth trauma","Birth asphyxia and birth trauma","Birth asphyxia and birth trauma","Birth asphyxia and birth trauma","Birth asphyxia and birth trauma","Birth asphyxia and birth trauma","Birth asphyxia and birth trauma","Birth asphyxia and birth trauma","Birth asphyxia and birth trauma","Birth asphyxia and birth trauma"
"Country","0-27 days","1-59 months","0-4 years","0-27 days","1-59 months","0-4 years","0-27 days","1-59 months","0-4 years","0-27 days","1-59 months","0-4 years","0-27 days","1-59 months","0-4 years","0-27 days","1-59 months","0-4 years","0-27 days","1-59 months","0-4 years","0-27 days","1-59 months","0-4 years","0-27 days","1-59 months","0-4 years","0-27 days","1-59 months","0-4 years","0-27 days","1-59 months","0-4 years","0-27 days","1-59 months","0-4 years","0-27 days","1-59 months","0-4 years","0-27 days","1-59 months","0-4 years","0-27 days","1-59 months","0-4 years","0-27 days","1-59 months","0-4 years","0-27 days","1-59 months","0-4 years","0-27 days","1-59 months","0-4 years"
"Afghanistan","11876","503","12379","12154","525","12679","12531","540","13071","12888","541","13428","13263","526","13789","13713","512","14225","14346","535","14880","15113","567","15680","15902","613","16515","16558","627","17184","17176","641","17817","17749","656","18406","18162","672","18834","18183","681","18864","17537","672","18209","16790","642","17433","16165","639","16804","15646","628","16274"
"Albania","25","1","27","25","2","27","25","2","27","25","2","27","25","2","27","25","2","27","27","2","28","28","2","30","30","2","33","33","2","34","36","2","38","39","2","41","43","2","45","48","3","50","53","3","56","59","4","62","65","4","69","72","4","76"
"Algeria","3075","139","3214","3197","140","3337","3311","141","3453","3395","140","3535","3444","138","3582","3464","134","3598","3455","129","3583","3419","123","3542","3346","119","3465","3253","114","3367","3149","110","3259","3050","108","3158","2962","108","3070","2895","110","3005","2853","111","2964","2824","115","2940","2815","120","2935","2837","127","2964"
"Andorra","0","0","0","0","0","0","0","0","0","0","0","0","0","0","0","0","0","0","0","0","0","0","0","0","0","0","0","0","0","0","0","0","0","0","0","0","0","0","0","0","0","0","0","0","0","0","0","0","0","0","0","0","0","0"
"Angola","11557","1565","13121","11594","1605","13198","11546","1656","13202","11588","1671","13259","11660","1671","13330","11806","1737","13543","12013","1818","13832","12239","1908","14147","12486","1978","14465","12714","2037","14751","12983","2060","15042","13214","2061","15275","13386","2068","15453","13430","2079","15508","13318","2085","15403","13180","2076","15256","13122","2008","15130","13047","2020","15067"
"Antigua and Barbuda","1","0","1","1","0","1","1","0","1","1","0","1","1","0","1","2","0","2","3","0","3","4","0","4","3","0","3","2","0","2","2","0","2","1","0","1","2","0","2","0","1","1","1","1","2","1","1","2","3","1","4","4","1","5"
"Argentina","322","33","355","342","31","372","366","43","409","406","32","438","400","42","442","387","18","405","389","40","428","438","104","542","450","53","504","459","50","509","490","41","531","457","45","502","546","46","591","612","35","647","647","27","674","727","53","780","676","50","727","765","81","846"
"Armenia","29","4","33","31","4","36","34","5","38","36","5","41","39","5","44","42","5","47","45","5","50","48","4","53","52","3","55","55","3","58","58","3","61","60","3","63","63","3","66","65","3","69","68","4","72","71","4","75","75","4","79","80","4","84"
"Australia","116","7","123","119","7","127","122","6","128","126","11","136","131","7","138","136","10","145","145","10","155","130","10","140","148","7","155","135","17","152","145","7","152","124","14","138","128","11","139","131","10","141","152","9","162","153","22","175","131","7","138","141","12","152"
"Austria","29","0","29","30","1","31","23","0","23","23","4","27","13","1","14","20","1","21","27","6","33","16","3","20","14","6","20","26","5","31","18","3","20","4","3","7","15","4","18","13","7","21","13","1","14","8","0","8","24","9","32","24","6","29"
"Azerbaijan","424","78","502","467","83","551","515","88","603","564","90","654","610","87","697","653","87","740","691","86","777","724","84","808","742","85","827","760","88","848","780","91","871","801","95","896","831","101","932","868","109","977","915","118","1034","973","131","1104","1043","148","1191","1128","166","1294"
"Bahamas","3","0","4","4","0","4","4","0","4","4","0","5","5","0","5","5","0","5","4","1","5","5","0","5","6","0","6","6","0","6","4","0","4","6","1","7","9","2","11","10","4","14","7","4","11","3","3","7","6","2","8","9","1","10"
"Bahrain","1","4","5","1","4","5","1","4","5","2","5","6","1","7","8","0","0","0","4","2","5","3","7","10","5","11","16","13","12","25","4","3","7","3","3","6","9","9","18","1","1","2","9","2","10","0","2","2","6","3","10","10","1","12"
"Bangladesh","12811","1123","13934","13675","1153","14828","14800","1085","15885","15929","1051","16981","17108","1072","18180","18464","1098","19561","20022","1136","21158","21732","1176","22909","23594","1221","24816","25473","1267","26739","27188","1336","28524","28677","1419","30097","29945","1504","31449","31219","1497","32717","32775","1499","34274","34601","1471","36072","36803","1483","38286","39169","1435","40605"
"Barbados","5","1","6","5","1","6","5","1","6","6","1","7","5","1","6","5","1","6","4","2","6","8","1","9","9","1","10","11","0","11","9","0","9","8","0","8","9","0","10","9","2","11","9","2","12","7","3","9","8","2","10","9","2","11"
"Belarus","19","11","30","19","12","31","21","12","33","22","13","35","22","14","36","22","15","37","22","16","38","22","17","39","24","17","41","26","17","43","29","17","46","33","18","51","38","18","56","42","19","61","47","19","66","51","20","71","56","21","77","61","22","84"
"Belgium","45","4","49","46","4","50","47","4","51","54","2","56","50","7","57","38","2","40","59","2","60","50","1","51","46","0","46","42","3","45","44","3","47","45","0","45","47","2","49","38","7","46","44","6","50","40","6","46","45","6","51","53","6","59"
"Belize","11","1","11","11","1","12","13","1","15","12","1","13","14","1","15","12","1","13","15","1","16","12","1","13","13","1","14","12","0","13","12","0","12","13","0","13","15","0","15","14","0","14","17","0","17","17","0","17","20","1","20","18","1","19"
"Benin","3507","536","4043","3497","546","4043","3512","551","4063","3509","552","4062","3509","539","4047","3485","523","4007","3444","493","3937","3385","448","3832","3313","413","3726","3246","383","3629","3206","365","3570","3188","358","3547","3179","359","3537","3170","371","3541","3156","384","3540","3156","393","3548","3168","396","3564","3190","402","3592"
"Bhutan","53","5","58","56","5","61","59","5","64","62","5","67","66","5","71","70","6","76","75","6","81","80","6","86","86","6","93","92","7","99","98","8","106","103","8","111","109","9","118","115","9","124","122","10","132","130","11","141","138","12","150","148","13","160"
"Bolivia (Plurinational State of)","1184","111","1296","1227","115","1342","1275","118","1393","1310","120","1430","1354","118","1472","1399","124","1523","1452","130","1582","1519","137","1656","1598","145","1743","1696","153","1848","1795","160","1956","1886","173","2058","1964","186","2150","2032","201","2232","2095","215","2309","2159","230","2389","2230","241","2470","2307","248","2554"
"Bosnia and Herzegovina","15","1","16","16","1","17","16","1","17","17","1","18","18","1","19","19","1","20","20","2","21","21","2","22","21","2","23","22","2","24","22","2","25","23","2","25","23","2","26","24","2","27","26","2","28","28","2","30","31","2","33","35","2","37"
"Botswana","304","12","316","315","12","327","327","12","340","339","12","351","348","12","360","356","12","368","361","11","372","363","11","374","364","11","375","363","12","375","361","12","373","357","12","368","352","12","364","345","13","358","338","13","351","330","13","343","323","13","336","318","12","331"
"Brazil","3696","417","4113","4239","436","4675","4187","432","4619","4266","441","4707","4537","419","4956","4694","429","5122","4996","542","5538","5498","551","6049","5857","519","6376","6158","581","6740","6633","681","7314","7184","656","7840","7205","632","7837","7948","692","8639","7931","700","8630","9115","770","9885","9528","749","10277","9860","772","10632"
"Brunei Darussalam","3","0","4","2","1","3","3","1","4","3","1","4","4","2","6","3","2","5","3","2","5","3","1","4","3","0","3","3","0","3","3","0","3","3","0","3","3","0","3","3","0","3","3","0","3","3","0","3","3","0","3","3","0","3"
"Bulgaria","39","6","44","41","6","47","43","6","50","42","12","54","53","6","59","51","4","55","66","5","71","63","7","70","64","10","75","45","7","51","95","4","99","66","11","77","62","7","69","59","0","59","50","0","50","45","0","45","68","0","68","82","0","82"
"Burkina Faso","5086","839","5924","5119","830","5949","5176","812","5988","5245","776","6020","5320","655","5975","5398","597","5994","5475","556","6031","5546","530","6076","5605","529","6134","5667","551","6218","5739","578","6317","5826","620","6446","5930","631","6561","6030","619","6649","6128","594","6722","6163","564","6727","6187","525","6712","6171","491","6663"
"Burundi","3005","361","3366","3033","371","3405","3068","387","3455","3095","403","3498","3132","411","3543","3175","429","3604","3228","404","3632","3268","407","3675","3299","412","3711","3320","421","3741","3346","421","3768","3375","415","3790","3399","388","3787","3390","373","3763","3353","343","3695","3293","307","3601","3229","299","3529","3180","292","3472"
"Cabo Verde","18","1","19","19","2","20","20","2","22","22","2","24","24","2","25","26","2","27","27","1","29","29","1","30","30","1","31","30","1","32","31","1","32","31","1","32","30","1","31","31","1","32","31","1","32","32","1","34","35","1","37","39","2","41"
"Cambodia","1261","123","1384","1320","128","1448","1400","127","1527","1490","121","1611","1595","125","1720","1706","130","1837","1816","137","1952","1943","144","2087","2073","149","2221","2196","158","2354","2323","166","2489","2437","176","2613","2559","188","2748","2718","202","2920","2930","219","3150","3176","244","3420","3421","271","3692","3645","291","3936"
"Cameroon","6829","1093","7922","6898","1108","8006","6945","1124","8069","7005","1144","8149","7075","1156","8231","7152","1184","8336","7248","1148","8396","7325","1121","8445","7356","1086","8442","7323","993","8316","7227","918","8145","7081","873","7953","6938","834","7772","6778","839","7617","6627","875","7502","6492","931","7423","6398","970","7368","6363","1040","7403"
"Canada","186","9","195","189","9","198","191","9","200","193","9","202","194","9","203","221","11","232","201","10","211","242","12","253","203","10","213","225","11","236","224","11","236","212","10","222","213","11","223","234","12","247","220","12","232","184","9","193","194","11","204","193","7","200"
"Central African Republic","2085","236","2321","2124","240","2364","2187","245","2431","2255","245","2500","2330","237","2567","2373","231","2604","2425","220","2645","2457","207","2665","2480","194","2674","2470","177","2647","2429","172","2601","2378","168","2546","2328","165","2493","2285","175","2459","2254","182","2436","2233","189","2422","2223","189","2411","2196","191","2387"
"Chad","7246","1163","8409","7229","1166","8395","7127","1163","8290","7004","1153","8158","6888","1132","8020","6822","1067","7888","6815","1031","7846","6807","1002","7809","6775","979","7754","6674","995","7669","6534","966","7500","6402","993","7395","6333","950","7283","6281","931","7212","6240","900","7139","6172","901","7072","6110","834","6943","6047","824","6872"
"Chile","80","11","91","83","12","95","94","10","104","98","14","112","65","16","81","87","3","90","85","9","95","84","8","92","71","8","80","78","8","87","90","11","101","108","8","117","94","7","101","113","2","115","89","7","95","100","8","108","107","5","112","116","8","124"
"China","21486","399","21885","23493","430","23923","25794","463","26257","27467","437","27904","29091","425","29516","31142","373","31515","33767","372","34139","37168","343","37511","40752","335","41087","44366","361","44727","48420","310","48730","52682","288","52970","57259","237","57496","64832","177","65009","73979","184","74163","82480","186","82665","90839","245","91084","97735","289","98023"
"Colombia","511","150","661","534","156","690","558","189","747","582","163","745","577","155","732","579","150","729","757","116","873","755","88","842","1014","96","1111","1162","98","1260","1169","62","1231","1138","55","1193","1232","32","1264","1380","55","1435","1524","58","1581","1432","64","1496","1495","56","1551","1780","95","1874"
"Comoros","197","25","222","200","25","225","205","26","231","210","26","236","214","25","240","219","26","245","223","26","249","224","26","250","225","25","251","228","25","253","229","25","254","230","25","255","231","24","256","230","24","255","228","24","252","222","23","245","217","23","239","212","22","234"
"Congo","900","107","1006","910","114","1024","924","121","1045","936","125","1061","948","128","1076","960","123","1083","972","124","1096","984","127","1112","1003","130","1133","1028","131","1160","1061","134","1195","1091","139","1229","1126","142","1268","1158","144","1302","1188","146","1334","1206","147","1353","1209","147","1356","1195","145","1340"
"Cook Islands","0","0","0","0","0","0","0","0","0","0","0","0","0","0","0","0","0","0","0","0","0","0","0","0","0","0","0","0","0","0","0","0","0","0","0","0","0","0","0","0","0","1","0","0","1","0","0","1","0","0","1","1","0","1"
"Costa Rica","43","2","45","44","3","46","45","3","48","39","4","42","53","1","54","51","3","54","54","3","57","58","3","61","63","3","66","59","3","62","48","1","49","68","4","72","53","6","60","47","2","49","52","3","55","44","1","45","57","4","61","69","5","74"
"CÃ´te d'Ivoire","8215","1086","9300","8212","1081","9293","8253","1089","9342","8234","985","9219","8246","964","9210","8236","909","9145","8288","875","9163","8296","828","9123","8304","798","9102","8330","767","9098","8394","773","9167","8527","730","9256","8637","675","9312","8774","593","9367","8820","526","9346","8840","485","9324","8817","484","9301","8785","513","9297"
"Croatia","10","4","14","10","1","12","10","6","15","15","6","21","9","4","14","15","1","16","14","5","19","9","2","11","12","0","12","8","0","8","14","4","18","20","0","20","23","1","24","15","1","16","12","4","17","31","6","37","19","2","21","23","3","26"
"Cuba","35","13","48","37","10","47","35","17","52","35","13","48","48","8","56","41","13","54","52","17","69","57","15","72","52","17","70","48","19","67","40","10","50","56","10","66","51","9","60","92","12","104","82","14","95","96","8","104","113","6","119","126","10","136"
"Cyprus","0","1","1","0","1","1","0","1","1","0","0","1","0","1","1","1","1","1","1","1","2","1","1","2","1","1","2","1","1","2","1","1","2","1","1","2","1","1","2","1","2","3","1","2","3","1","2","3","1","2","3","1","2","3"
"Czechia","28","8","36","27","12","39","24","8","32","27","2","29","28","3","31","34","5","40","27","8","36","45","12","57","43","8","51","44","9","53","47","8","55","45","5","50","33","10","42","35","5","40","34","12","46","35","7","42","33","5","38","46","9","55"
"Democratic People's Republic of Korea","737","54","791","773","56","829","817","58","875","868","61","929","930","63","993","1007","65","1072","1094","67","1161","1178","71","1249","1252","74","1326","1306","77","1383","1345","78","1423","1380","79","1458","1443","80","1523","1578","85","1663","1800","95","1894","2062","112","2174","2377","135","2511","2681","158","2838"
"Democratic Republic of the Congo","29505","3858","33363","29448","3906","33354","29446","3903","33348","29145","3875","33020","28931","3769","32700","28770","3631","32401","28715","3440","32156","28595","3198","31793","28509","2874","31383","28376","2441","30818","28263","2159","30422","28163","2043","30206","28104","1947","30051","28100","2042","30142","27853","2092","29946","27361","2187","29548","26659","2266","28925","26104","2363","28466"
"Denmark","19","2","21","19","2","21","18","2","20","16","1","18","20","2","21","20","2","22","15","2","17","15","1","16","14","0","14","26","0","26","25","1","26","24","4","28","27","3","30","20","5","25","26","1","27","21","8","29","30","3","34","38","4","42"
"Djibouti","171","13","184","175","13","188","179","14","193","184","14","198","189","14","204","194","13","207","199","14","212","204","14","218","210","14","224","216","14","230","222","14","237","230","14","245","238","14","253","248","15","263","259","15","274","269","16","285","278","16","294","286","17","302"
"Dominica","14","0","14","14","0","14","14","0","14","12","0","12","10","0","10","8","0","8","9","0","9","5","0","5","6","0","6","3","0","3","3","0","3","0","0","0","1","0","1","2","0","2","2","0","2","2","0","2","1","0","2","1","0","2"
"Dominican Republic","931","46","976","963","45","1008","998","46","1044","1030","47","1077","1059","45","1104","1081","45","1126","1099","46","1145","1114","46","1160","1131","46","1177","1145","46","1191","1152","46","1198","1154","46","1200","1153","47","1199","1152","47","1199","1139","49","1188","1119","51","1170","1088","54","1142","1087","59","1146"
"Ecuador","273","34","307","281","43","324","268","40","308","318","22","340","304","37","342","312","39","352","321","42","363","331","45","376","342","47","390","354","50","404","367","52","419","380","53","433","393","55","448","407","56","463","423","56","479","442","56","499","465","59","524","493","62","554"
"Egypt","5244","1091","6334","5496","1159","6655","5802","1179","6981","6093","1215","7308","6328","858","7186","6550","879","7430","6721","906","7627","6844","937","7782","6943","975","7918","7040","1023","8063","7159","1083","8242","7299","1156","8455","7479","1244","8723","7684","1347","9031","7855","1490","9345","8055","1657","9711","8291","1859","10150","8534","2063","10598"
"El Salvador","118","9","127","123","10","132","129","10","138","135","10","145","143","9","152","151","9","160","160","8","169","171","8","179","182","8","190","194","9","203","208","9","217","225","8","233","244","8","252","266","8","274","291","9","300","319","9","328","352","6","358","389","7","397"
"Equatorial Guinea","403","42","445","402","41","443","400","39","439","397","37","434","393","33","426","389","31","420","385","30","416","382","32","413","378","33","411","374","33","407","369","32","401","366","30","396","362","29","391","358","30","387","351","31","381","341","32","373","334","32","366","327","33","360"
"Eritrea","826","97","923","840","101","941","861","93","955","885","94","979","908","97","1005","930","100","1030","952","103","1054","971","105","1077","990","106","1096","1003","105","1108","1012","103","1114","1015","101","1116","1015","101","1116","1012","102","1114","1004","104","1108","995","106","1101","983","109","1092","968","114","1082"
"Estonia","5","1","6","5","1","7","5","0","5","4","1","5","11","0","11","5","1","6","6","0","6","11","0","11","8","1","9","5","2","8","5","0","5","4","1","5","15","0","15","10","0","10","14","0","14","13","0","13","7","0","7","6","0","6"
"Eswatini","183","24","207","186","26","212","191","27","218","196","27","223","203","27","230","210","28","238","215","31","246","224","32","256","230","34","264","236","35","271","242","36","278","248","37","286","256","39","295","263","40","302","268","40","308","273","40","313","278","39","317","281","39","320"
"Ethiopia","28139","2522","30662","28779","2616","31396","29729","2694","32423","30740","2727","33467","31816","2706","34523","32995","2751","35746","34313","2804","37117","35716","2811","38528","37146","2951","40096","38472","2987","41459","39757","3183","42940","41153","3243","44397","42474","3200","45674","43743","3295","47037","44798","3490","48288","45499","3667","49166","45881","3799","49680","45965","3950","49916"
"Fiji","26","6","31","26","6","31","25","6","31","25","6","31","25","6","31","26","6","32","26","6","32","27","6","33","28","6","34","29","6","36","31","6","37","32","6","38","31","6","38","31","7","37","30","7","36","28","7","36","28","7","35","28","8","36"
"Finland","17","0","17","16","0","17","16","0","16","15","0","16","16","1","17","15","1","16","17","1","18","20","0","20","21","0","21","19","0","19","17","1","17","18","1","18","22","1","23","22","1","23","21","1","22","18","1","20","19","2","21","20","2","22"
"France","281","34","315","282","33","315","281","33","313","267","38","305","280","29","309","267","33","300","293","51","343","271","47","318","334","36","370","349","56","405","324","53","377","359","61","419","366","63","430","362","52","413","404","72","476","486","64","550","446","86","532","418","65","483"
"Gabon","311","33","344","317","34","351","325","34","359","331","34","366","335","35","370","337","35","371","337","35","372","337","35","372","336","34","370","333","34","367","328","34","362","323","33","356","317","32","350","314","31","345","311","30","340","308","28","336","303","27","330","299","26","325"
"Gambia","657","89","746","662","91","753","666","92","759","670","93","764","673","93","766","680","92","772","686","92","778","690","90","780","691","84","775","689","84","773","690","84","774","691","84","775","691","85","776","692","85","776","692","84","776","690","84","774","689","81","771","687","83","770"
"Georgia","40","7","46","45","7","51","50","7","57","57","7","63","63","6","70","70","6","76","77","6","83","82","5","88","88","4","92","94","4","98","100","4","105","107","4","111","114","4","118","122","4","127","132","4","136","142","5","146","153","5","159","166","6","172"
"Germany","164","30","194","165","30","195","162","32","194","173","40","213","152","22","174","160","39","199","159","35","194","141","25","167","124","30","154","134","31","165","131","41","172","156","46","203","125","35","160","126","47","172","168","50","218","138","51","188","163","48","211","148","59","208"
"Ghana","5907","588","6496","6079","605","6684","6298","611","6908","6511","618","7129","6710","606","7315","6895","564","7459","7041","542","7583","7152","551","7703","7248","576","7824","7317","594","7911","7345","622","7967","7324","627","7950","7245","614","7860","7159","608","7767","7097","594","7691","7083","587","7670","7134","568","7702","7232","554","7786"
"Greece","22","1","23","22","1","23","22","2","24","19","1","20","29","0","29","14","0","14","22","0","22","25","0","25","10","0","10","20","0","20","18","0","18","27","0","27","29","0","29","31","0","31","53","0","53","40","0","40","63","1","65","42","0","42"
"Grenada","7","1","7","7","0","7","7","0","7","5","0","5","5","0","5","4","0","4","5","0","5","3","0","3","3","0","4","4","0","4","4","0","4","5","1","6","5","1","6","6","1","7","5","2","7","4","3","7","4","4","8","4","3","7"
"Guatemala","1359","173","1532","1400","178","1578","1446","184","1630","1495","183","1678","1551","187","1737","1606","185","1791","1673","188","1860","1740","187","1927","1820","192","2011","1889","200","2089","1960","220","2180","2032","222","2253","2108","211","2319","2188","181","2369","2275","167","2441","2358","167","2525","2441","154","2595","2514","164","2678"
"Guinea","3361","475","3837","3378","479","3857","3411","475","3886","3455","470","3925","3518","443","3962","3604","435","4039","3695","422","4117","3813","415","4228","3968","415","4383","4160","410","4570","4359","427","4785","4535","433","4968","4673","442","5115","4777","450","5227","4872","461","5333","5009","476","5485","5189","491","5680","5424","504","5928"
"Guinea-Bissau","763","83","845","772","84","856","787","79","865","801","80","881","816","80","896","828","81","909","838","83","921","843","85","927","843","85","928","835","85","921","823","87","910","807","88","894","795","90","885","788","92","880","785","93","878","783","92","875","781","91","872","778","89","867"
"Guyana","69","2","70","71","2","73","74","2","76","76","2","78","74","0","74","86","4","90","78","0","78","92","4","96","60","0","60","83","0","83","87","2","90","76","0","76","82","2","84","86","8","94","92","0","92","79","9","89","123","6","130","107","3","111"
"Haiti","1860","361","2221","1894","370","2264","1918","381","2299","1943","383","2327","1957","382","2339","1977","378","2355","1997","373","2370","2171","421","2592","2037","392","2429","2032","398","2429","2020","405","2425","2026","410","2436","2055","417","2473","2100","428","2528","2140","440","2580","2176","454","2630","2212","469","2681","2248","485","2734"
"Honduras","266","62","327","274","66","340","286","69","354","298","69","367","312","69","382","328","71","399","348","71","419","372","72","443","398","73","470","422","71","493","446","74","519","468","77","545","491","81","572","517","81","598","545","82","627","578","85","663","611","88","699","644","90","734"
"Hungary","18","5","23","20","5","25","25","6","31","13","6","19","28","9","37","27","13","39","28","3","31","12","4","16","22","5","28","23","12","35","21","13","33","23","8","31","25","8","33","36","8","45","29","9","38","31","5","36","29","10","40","28","19","47"
"Iceland","1","0","1","1","0","1","1","0","1","1","0","1","1","0","1","1","0","1","1","0","1","1","0","1","0","0","0","1","0","1","1","0","1","1","0","1","1","0","1","1","1","2","1","1","1","1","1","2","1","0","1","2","0","2"
"India","114306","4812","119117","119104","5185","124288","124496","5626","130122","134280","5778","140057","145284","6163","151447","157392","6510","163903","170453","6986","177439","184321","7585","191906","198582","8188","206770","212957","8788","221744","227097","9399","236497","241106","9951","251056","255075","10460","265535","269108","10645","279753","283088","10771","293858","297140","10877","308016","310737","10963","321700","323663","11038","334701"
"Indonesia","13843","1191","15034","14447","1222","15669","15114","1243","16357","15836","1243","17079","16528","1250","17777","17295","1279","18574","18176","1328","19504","19298","1371","20669","20540","1427","21968","21751","1475","23226","22751","1529","24280","23506","1593","25099","24262","1649","25911","25117","1712","26829","25728","1741","27469","26416","1779","28194","27093","1829","28923","27794","1837","29632"
"Iran (Islamic Republic of)","2353","108","2461","2512","112","2624","2685","113","2798","2847","113","2960","2997","114","3111","3136","115","3251","3274","117","3391","3403","119","3522","3516","123","3639","3627","127","3755","3734","134","3868","3855","140","3995","3989","148","4137","4150","158","4308","4348","168","4516","4595","181","4776","4912","196","5108","5302","208","5510"
"Iraq","4981","251","5232","5063","243","5307","5151","240","5391","5217","236","5453","5281","233","5513","5350","223","5572","5394","209","5603","5401","201","5602","5344","199","5543","5280","196","5476","5226","195","5422","5213","194","5407","5214","194","5408","5244","193","5437","5261","190","5450","5276","185","5462","5280","182","5462","5268","178","5447"
"Ireland","12","1","13","13","1","14","13","1","15","10","1","12","15","1","16","19","2","21","11","0","11","21","2","24","16","1","17","15","2","16","8","3","11","14","1","15","15","4","19","15","2","17","16","5","21","17","0","17","17","4","21","17","7","24"
"Israel","32","3","34","33","3","35","34","2","36","32","4","36","40","3","43","33","3","36","18","1","19","26","3","28","28","3","31","27","4","31","37","4","41","20","4","24","21","3","24","33","3","36","31","1","32","36","1","37","27","1","28","22","12","34"
"Italy","101","21","122","105","22","127","110","24","134","104","23","127","133","20","154","125","20","145","123","22","145","152","30","183","158","34","192","160","27","187","169","25","194","153","23","177","187","20","207","188","26","215","194","28","222","216","22","238","236","25","261","248","25","273"
"Jamaica","77","0","77","80","0","80","83","0","83","87","0","87","90","0","90","93","0","93","94","0","94","88","2","90","122","0","122","125","2","127","132","2","134","143","0","143","110","4","114","138","2","140","144","3","146","151","3","154","158","3","162","166","4","169"
"Japan","102","24","126","106","25","131","116","21","137","115","28","142","115","33","148","146","29","176","127","25","152","131","19","150","156","28","184","141","28","169","147","37","185","193","31","224","191","20","212","198","34","232","199","45","244","197","42","239","223","41","264","250","24","274"
"Jordan","294","45","339","303","45","348","310","45","355","318","43","362","326","42","368","336","41","377","349","39","388","361","37","398","367","35","401","369","32","401","370","30","400","372","28","400","377","27","403","384","26","410","394","27","420","404","27","431","414","23","437","425","18","443"
"Kazakhstan","430","36","466","438","43","481","468","48","516","526","53","579","616","57","672","729","58","788","839","60","899","906","66","972","932","74","1006","944","79","1023","969","82","1051","1007","82","1089","1035","83","1118","1045","84","1129","1041","86","1127","1035","89","1124","1038","96","1134","1072","104","1176"
"Kenya","9327","1060","10386","9416","1098","10514","9601","1120","10721","9750","1142","10892","9892","1157","11049","10041","1191","11232","10233","1223","11456","10503","1148","11651","10822","1174","11996","11170","1187","12356","11559","1227","12786","11922","1232","13154","12240","1266","13506","12459","1330","13789","12593","1358","13952","12633","1354","13987","12634","1350","13983","12564","1350","13914"
"Kiribati","19","4","23","20","4","24","20","4","24","20","4","24","20","4","24","20","4","24","20","4","24","20","4","24","20","4","24","20","4","24","20","3","23","20","3","23","20","3","23","20","3","23","20","3","23","21","3","24","21","3","24","22","3","25"
"Kuwait","8","3","11","8","3","11","8","3","11","6","5","11","10","0","10","10","4","15","11","7","18","13","8","22","5","6","11","15","5","20","20","7","26","21","8","29","20","10","29","19","6","25","10","7","17","9","6","15","21","3","23","13","8","21"
"Kyrgyzstan","397","6","403","426","5","431","456","9","465","482","8","490","424","3","427","511","13","524","645","7","652","740","14","754","757","6","763","783","8","791","703","8","711","691","32","723","668","20","689","672","14","686","758","30","787","773","18","792","715","15","730","751","16","767"
"Lao People's Democratic Republic","1300","118","1418","1339","122","1461","1383","125","1508","1427","128","1555","1475","122","1597","1531","125","1656","1590","129","1719","1650","130","1780","1706","129","1835","1767","128","1895","1834","128","1962","1898","129","2028","1946","130","2076","1986","130","2116","2025","130","2155","2067","130","2197","2111","130","2241","2164","129","2293"
"Latvia","12","2","14","13","2","15","14","2","16","17","2","19","17","4","21","26","8","34","35","3","38","48","1","49","28","3","31","43","3","46","42","3","45","42","6","47","35","3","38","36","9","45","35","5","40","29","2","32","28","6","35","33","5","38"
"Lebanon","52","4","57","53","4","57","54","4","58","54","4","58","54","4","57","53","3","56","52","3","55","52","3","54","51","3","54","52","2","55","54","2","57","59","2","61","65","2","67","73","2","75","82","2","84","93","2","95","104","2","106","115","2","117"
"Lesotho","646","46","692","658","47","705","669","45","714","678","45","723","685","46","731","692","46","738","697","46","743","702","45","747","705","44","750","710","43","754","716","43","758","723","43","765","731","43","773","741","43","784","754","43","798","769","43","813","782","43","825","788","44","832"
"Liberia","1128","197","1325","1138","198","1336","1164","192","1356","1181","191","1373","1192","185","1377","1206","184","1390","1226","180","1407","1254","176","1430","1285","173","1458","1320","171","1492","1364","171","1535","1408","174","1581","1448","178","1626","1487","186","1672","1518","192","1710","1533","202","1735","1528","210","1738","1516","218","1733"
"Libya","120","15","135","126","16","142","134","16","150","142","16","158","151","16","167","161","16","177","172","16","188","183","15","198","196","14","210","211","14","225","228","11","240","247","9","256","266","9","275","284","9","293","301","9","310","317","9","326","330","9","340","343","9","353"
"Lithuania","12","0","12","14","1","15","15","0","15","10","0","10","18","0","18","9","1","10","12","3","14","14","0","14","13","2","15","13","3","16","18","0","18","11","3","13","25","0","25","18","0","18","16","5","21","28","2","30","22","1","23","23","4","27"
"Luxembourg","1","0","1","1","0","1","2","0","2","1","0","1","2","0","2","1","0","1","2","0","2","1","0","1","3","0","3","3","0","3","4","0","4","2","1","3","3","1","3","2","1","2","2","0","2","2","0","2","5","0","5","5","0","5"
"Madagascar","4523","313","4837","4548","334","4882","4605","308","4913","4663","349","5012","4722","345","5067","4810","322","5132","4924","352","5276","5054","366","5420","5182","376","5557","5272","387","5659","5330","391","5721","5398","396","5794","5499","406","5906","5649","418","6066","5833","425","6258","6014","440","6454","6182","451","6633","6319","464","6783"
"Malawi","3969","555","4523","4006","570","4576","4082","591","4673","4165","617","4781","4286","632","4918","4435","657","5092","4599","626","5225","4758","620","5378","4887","655","5542","4982","650","5633","5048","650","5699","5104","643","5747","5181","611","5792","5302","591","5892","5452","568","6019","5613","552","6165","5738","559","6297","5870","578","6448"
"Malaysia","287","53","339","273","51","325","261","52","312","251","51","302","246","51","297","244","51","295","247","51","298","252","52","303","258","52","310","265","53","318","273","53","326","282","54","336","292","55","347","304","54","358","319","43","362","342","47","389","374","51","425","414","55","468"
"Maldives","4","1","5","4","2","6","4","2","6","5","2","6","5","1","6","5","1","6","6","1","7","6","1","7","7","1","8","7","1","8","8","1","9","9","1","10","10","1","11","12","1","13","14","1","15","17","1","18","20","2","21","23","2","25"
"Mali","7701","1153","8854","7730","1124","8853","7755","1085","8840","7819","1047","8866","7894","1019","8913","8000","1015","9015","8085","1075","9161","8146","1073","9220","8162","1104","9266","8149","1080","9229","8111","1079","9190","8087","1028","9115","8046","1010","9056","7944","1019","8963","7774","1039","8814","7641","1090","8731","7566","1109","8675","7540","1115","8655"
"Malta","2","0","2","2","0","2","3","0","3","2","0","2","2","0","2","1","0","1","1","0","1","1","0","1","1","0","1","1","0","1","1","0","1","1","0","1","1","0","1","1","0","1","1","0","1","2","0","2","2","0","2","2","0","2"
"Marshall Islands","4","1","5","4","1","5","5","1","6","5","1","6","6","1","7","6","1","7","6","1","7","6","1","8","7","1","8","7","1","8","8","1","9","8","1","9","8","1","9","8","1","10","9","1","10","9","1","10","9","1","11","10","1","11"
"Mauritania","1103","170","1274","1109","171","1280","1110","172","1282","1111","171","1281","1114","159","1273","1121","160","1281","1140","159","1299","1152","158","1310","1155","155","1309","1146","149","1295","1134","145","1279","1116","143","1259","1097","141","1238","1077","138","1214","1054","134","1187","1035","129","1165","1022","125","1146","1019","119","1138"
"Mauritius","16","4","20","17","3","20","17","0","17","20","2","22","13","0","13","10","0","10","11","0","11","19","0","19","12","1","13","34","4","38","20","3","23","21","3","24","15","1","17","20","0","20","37","0","37","24","1","26","39","0","39","38","0","38"
"Mexico","2263","158","2421","2275","181","2456","2343","193","2536","2320","210","2530","2308","192","2500","2367","243","2610","2580","208","2787","2498","218","2716","2593","223","2816","2671","259","2929","2752","309","3061","2898","385","3283","3120","398","3518","3359","366","3725","3646","340","3987","3955","300","4256","4535","375","4910","5037","301","5338"
"Micronesia (Federated States of)","10","1","11","10","1","11","10","1","12","11","1","12","11","2","12","11","2","13","12","2","13","12","2","14","13","2","15","14","2","15","14","2","16","15","2","17","16","2","18","17","2","20","18","2","21","19","3","22","20","3","23","21","3","24"
"Monaco","0","0","0","0","0","0","0","0","0","0","0","0","0","0","0","0","0","0","0","0","0","0","0","0","0","0","0","0","0","0","0","0","0","0","0","0","0","0","0","0","0","0","0","0","0","0","0","0","0","0","0","0","0","0"
"Mongolia","145","23","168","154","24","178","165","24","189","175","25","201","185","26","211","195","26","221","204","27","231","212","28","240","219","29","248","224","30","254","228","30","258","230","32","262","228","34","262","229","36","265","233","39","272","240","43","283","250","48","298","265","54","319"
"Montenegro","8","1","9","9","1","10","9","2","11","11","2","12","12","2","14","14","2","16","15","2","18","17","3","20","20","4","24","21","3","24","24","2","26","23","1","24","26","1","27","27","1","28","29","0","29","30","0","31","32","0","32","33","0","34"
"Morocco","2167","106","2274","2288","109","2397","2427","114","2541","2567","118","2685","2705","119","2824","2830","121","2950","2939","117","3056","3037","113","3150","3130","115","3245","3229","115","3345","3344","116","3460","3448","118","3566","3551","121","3672","3664","127","3791","3789","135","3924","3927","145","4072","4072","156","4228","4235","165","4399"
"Mozambique","8478","1029","9506","8507","1020","9528","8583","1001","9584","8669","986","9655","8779","959","9738","8894","935","9829","9023","961","9984","9134","989","10123","9245","996","10242","9348","989","10338","9448","972","10420","9532","952","10484","9596","929","10525","9657","904","10561","9792","884","10676","10006","877","10883","10263","886","11149","10508","910","11418"
"Myanmar","6061","719","6780","6218","693","6911","6414","718","7132","6637","748","7385","6898","768","7666","7164","772","7936","7426","818","8243","7738","857","8594","8110","922","9032","8664","1002","9666","9076","1033","10109","9628","1079","10708","10158","1108","11267","10617","1134","11751","11039","1145","12184","11359","1149","12507","11611","1147","12759","11742","1143","12886"
"Namibia","308","36","343","311","37","348","316","38","355","319","35","354","321","35","356","322","35","357","320","34","355","318","33","351","314","31","345","312","30","342","311","29","340","314","28","342","321","28","348","332","26","358","346","27","373","361","26","388","376","25","401","384","26","410"
"Nauru","1","0","1","1","0","1","1","0","1","1","0","1","1","0","1","1","0","1","1","0","1","1","0","1","1","0","1","1","0","1","1","0","1","1","0","1","1","0","1","1","0","1","1","0","1","1","0","1","1","0","1","1","0","1"
"Nepal","2707","226","2933","2822","226","3048","2978","227","3205","3148","241","3389","3350","262","3612","3606","282","3888","3912","300","4211","4263","313","4576","4651","332","4982","5073","354","5427","5507","384","5891","5961","415","6375","6440","447","6887","6942","480","7422","7447","515","7962","7957","549","8506","8410","582","8992","8812","612","9424"
"Netherlands","60","9","69","64","10","74","74","7","81","62","7","69","70","3","73","66","4","70","80","7","87","77","0","77","69","5","74","100","4","103","112","1","113","108","1","110","126","6","131","141","5","147","135","2","137","124","4","127","116","7","123","137","9","146"
"New Zealand","16","2","18","17","2","19","17","2","19","18","2","20","22","1","23","16","1","17","16","4","21","25","4","30","33","1","34","22","3","25","21","1","22","23","9","32","27","4","31","28","3","31","22","6","28","28","3","31","23","2","24","25","2","27"
"Nicaragua","123","2","125","129","2","130","128","0","128","149","4","154","148","2","150","156","1","157","164","0","164","173","0","173","183","0","183","194","0","194","206","0","206","219","0","219","234","0","234","248","0","248","265","0","265","283","0","283","303","0","303","321","0","321"
"Niger","7043","1005","8048","6988","999","7987","7054","937","7990","7101","914","8015","7222","892","8114","7214","900","8115","7222","931","8153","7153","968","8120","7165","978","8143","7218","999","8218","7362","1061","8423","7517","1060","8577","7666","1093","8759","7834","1118","8952","7996","1143","9139","8121","1163","9285","8172","1176","9348","8132","1175","9307"
"Nigeria","76154","11615","87770","76556","11891","88448","77170","11620","88789","77970","11262","89232","78892","10749","89641","79950","10442","90392","80425","10472","90897","80897","10287","91184","81334","9918","91252","82354","9683","92036","83232","9655","92887","83847","9497","93344","84183","9251","93434","84345","9272","93617","84470","9315","93785","84411","9508","93919","83793","9499","93292","82578","9370","91948"
"Niue","0","0","0","0","0","0","0","0","0","0","0","0","0","0","0","0","0","0","0","0","0","0","0","0","0","0","0","0","0","0","0","0","0","0","0","0","0","0","0","0","0","0","0","0","0","0","0","0","0","0","0","0","0","0"
"Norway","16","2","19","17","2","19","18","3","22","17","2","19","18","1","19","14","5","20","14","4","17","20","6","26","21","3","24","16","1","18","28","8","36","33","7","40","28","4","32","22","9","30","34","6","40","28","7","35","36","4","40","26","3","29"
"Oman","58","6","64","58","6","64","57","6","63","57","5","62","57","4","61","56","4","60","56","3","59","54","3","57","53","2","55","52","2","54","51","2","53","51","2","52","51","2","53","53","2","55","56","2","57","59","2","61","64","1","66","71","1","72"
"Pakistan","53110","4919","58029","54366","5039","59405","55647","5163","60810","56707","5275","61983","57794","5334","63127","58620","5043","63663","59446","5103","64549","59989","5109","65098","60162","5106","65268","59796","5076","64872","59420","5063","64483","59381","5066","64447","60066","5072","65138","61447","5069","66516","63409","5064","68473","65520","5106","70625","67799","5177","72976","70241","5258","75499"
"Palau","0","0","0","0","0","0","0","0","0","0","0","0","0","0","0","0","0","0","0","0","0","0","0","0","0","0","0","0","0","0","0","0","0","1","0","1","1","0","1","1","0","1","1","0","1","1","0","1","1","0","1","1","0","1"
"Panama","93","3","96","96","5","101","70","6","76","117","0","117","119","3","122","117","3","120","107","3","110","109","3","113","96","2","99","169","1","170","133","2","135","122","3","124","120","3","123","114","1","116","147","1","149","128","0","128","106","0","106","147","1","149"
"Papua New Guinea","1467","121","1588","1487","121","1608","1505","141","1646","1522","115","1637","1532","112","1644","1549","136","1685","1571","151","1722","1595","147","1742","1626","126","1752","1652","143","1795","1665","139","1804","1665","133","1798","1656","136","1792","1649","119","1768","1640","131","1772","1620","133","1753","1596","122","1718","1563","117","1680"
"Paraguay","195","31","226","200","33","233","209","34","243","219","31","250","229","28","257","239","26","265","250","24","274","259","22","281","268","20","288","278","20","298","287","20","307","296","20","316","304","18","323","315","16","331","327","14","341","342","9","351","359","8","367","377","7","384"
"Peru","601","71","673","629","80","710","662","85","746","696","86","783","732","89","821","768","98","866","807","99","906","847","107","954","889","114","1003","934","118","1051","986","118","1103","1047","116","1163","1118","115","1233","1203","124","1327","1304","105","1408","1426","111","1537","1577","112","1689","1739","110","1850"
"Philippines","7839","1030","8869","7952","1010","8962","8031","1004","9035","8068","998","9066","8063","1014","9077","8057","1009","9066","8046","1000","9045","8042","988","9030","8050","998","9048","8113","982","9094","8276","1029","9305","8529","1058","9587","8815","1037","9852","9107","1078","10185","9363","1094","10457","9572","1107","10678","9673","1127","10800","9717","1168","10885"
"Poland","60","12","72","62","13","74","52","11","63","51","20","71","95","13","108","107","11","119","104","20","124","107","25","132","121","41","161","126","23","149","153","39","193","167","33","200","171","37","207","172","36","208","195","38","233","205","53","258","248","41","289","290","40","330"
"Portugal","23","2","25","24","2","26","26","0","26","27","0","27","27","1","28","25","1","26","27","1","28","22","1","23","32","2","34","19","1","20","35","2","37","34","2","36","33","2","35","33","2","34","32","1","33","58","11","69","44","3","47","47","0","47"
"Qatar","12","2","14","12","2","14","12","2","14","12","1","14","12","1","14","12","1","14","12","1","14","12","1","13","12","1","13","12","1","13","12","1","13","12","1","13","12","1","13","11","1","12","11","1","12","12","1","12","12","1","13","12","1","13"
"Republic of Korea","66","32","98","68","38","106","75","23","98","72","42","114","65","29","94","73","24","97","64","31","94","72","34","106","69","31","100","80","30","111","95","34","130","95","27","123","114","36","150","159","34","192","149","64","213","149","48","197","149","106","255","181","91","271"
"Republic of Moldova","54","0","54","56","0","56","55","0","55","60","0","60","67","0","67","45","0","45","105","0","105","101","3","105","88","0","88","81","1","82","77","0","77","109","0","109","80","0","80","124","0","124","138","0","138","152","0","152","198","1","200","204","1","205"
"North Macedonia","20","1","21","19","1","20","18","1","18","16","1","17","17","2","19","15","0","15","11","0","11","16","0","16","14","0","14","21","0","21","18","0","18","17","2","19","31","0","31","34","1","34","35","1","36","37","1","38","42","1","43","47","0","47"
"Romania","41","1","41","45","0","45","42","0","42","50","2","53","72","0","72","82","0","82","87","0","87","75","0","75","74","0","74","97","0","97","106","0","106","131","0","131","129","0","129","128","1","129","173","1","174","197","1","198","218","2","220","261","4","265"
"Russian Federation","699","207","906","753","226","978","811","239","1050","867","247","1114","905","255","1160","924","261","1184","927","266","1192","923","266","1189","933","262","1195","964","260","1223","1015","255","1270","1080","252","1332","1153","250","1404","1230","250","1480","1308","247","1555","1381","247","1629","1452","246","1697","1517","232","1749"
"Rwanda","1559","251","1810","1604","263","1867","1670","279","1948","1751","296","2046","1843","318","2161","1963","342","2305","2112","365","2477","2287","395","2682","2478","404","2882","2683","440","3123","2893","476","3369","3108","515","3623","3325","553","3877","3534","590","4124","3724","617","4342","3879","612","4492","3971","634","4604","4002","614","4616"
"Saint Kitts and Nevis","3","0","3","3","1","3","3","0","3","3","0","4","3","0","3","3","0","3","4","0","4","4","0","4","4","0","4","3","0","3","4","0","4","3","1","4","3","2","5","4","2","5","5","1","6","6","0","6","4","1","5","4","0","4"
"Saint Lucia","3","0","3","3","0","3","3","0","3","3","0","3","3","0","3","5","0","5","6","0","6","8","0","8","5","0","5","4","0","4","2","0","2","4","0","5","5","0","5","6","0","6","6","0","6","6","0","6","6","0","6","5","0","6"
"Saint Vincent and the Grenadines","2","0","2","2","0","2","2","0","2","3","0","3","4","0","4","4","0","4","4","0","4","3","0","3","3","0","3","3","0","3","4","0","4","4","1","4","2","1","3","3","2","5","3","2","5","5","2","7","4","1","5","5","1","5"
"Samoa","5","1","6","5","2","6","5","2","7","5","2","7","5","2","7","6","2","8","6","2","8","6","2","7","6","1","7","6","1","7","6","1","7","6","1","7","7","1","8","7","1","8","7","2","8","7","2","9","7","2","9","8","2","10"
"San Marino","0","0","0","0","0","0","0","0","0","0","0","0","0","0","0","0","0","0","0","0","0","0","0","0","0","0","0","0","0","0","0","0","0","0","0","0","0","0","0","0","0","0","0","0","0","0","0","0","0","0","0","0","0","0"
"Sao Tome and Principe","25","4","29","26","4","30","27","4","31","28","4","32","29","4","33","30","4","34","30","4","34","31","4","35","31","4","36","32","5","36","32","5","37","33","5","38","34","4","38","34","4","37","34","4","38","34","4","38","34","5","39","35","5","40"
"Saudi Arabia","339","47","386","361","50","412","388","53","441","421","55","475","455","58","513","495","62","556","538","64","602","584","67","651","631","69","701","682","71","754","734","74","808","788","77","864","843","80","923","901","83","984","967","86","1053","1030","89","1119","1093","63","1157","1166","66","1232"
"Senegal","2943","377","3320","2996","390","3386","3076","401","3477","3155","405","3560","3236","386","3622","3313","401","3713","3374","415","3789","3429","428","3858","3474","445","3919","3526","463","3989","3593","477","4071","3676","488","4164","3787","496","4283","3917","509","4426","4036","529","4564","4099","555","4654","4083","578","4660","4050","578","4628"
"Serbia","49","10","59","52","11","62","52","9","62","50","9","59","70","18","89","69","17","86","59","21","80","77","23","100","111","16","127","84","12","96","81","19","100","109","20","129","119","27","146","107","10","117","128","20","148","188","36","223","169","16","185","215","30","245"
"Seychelles","2","0","2","2","0","2","2","0","2","2","0","2","2","0","2","2","0","2","2","0","2","2","0","2","2","0","2","2","0","2","2","0","2","2","0","2","2","0","2","2","0","2","2","0","2","2","0","2","2","0","2","2","0","2"
"Sierra Leone","2589","416","3005","2648","433","3080","2712","452","3165","2784","462","3247","2861","462","3323","2941","448","3389","3025","420","3445","3101","385","3486","3174","380","3555","3225","385","3610","3232","395","3628","3194","407","3601","3126","414","3540","3065","422","3487","3021","427","3449","2976","432","3408","2918","435","3353","2851","432","3284"
"Singapore","3","0","3","3","0","3","2","0","2","5","0","5","1","2","3","4","0","4","8","2","10","9","0","9","5","5","10","1","0","1","1","0","1","4","0","4","7","2","8","7","0","7","2","2","4","1","1","3","3","0","3","6","1","8"
"Slovakia","12","3","15","12","3","16","13","4","16","14","1","15","14","8","22","14","2","16","15","4","19","15","3","18","10","7","18","12","7","19","27","5","32","22","6","27","16","4","19","16","5","22","18","4","22","11","4","15","21","3","24","20","3","23"
"Slovenia","1","1","2","2","1","2","2","0","2","2","2","4","1","0","1","1","1","3","2","1","3","2","0","2","5","2","7","5","2","6","5","0","5","0","2","2","4","3","7","4","0","4","2","1","3","7","0","7","10","0","10","6","2","8"
"Solomon Islands","34","7","40","35","7","42","36","7","43","37","7","45","38","7","46","40","8","48","41","8","49","43","8","51","44","8","52","45","8","53","46","7","53","46","7","53","46","6","53","46","6","53","46","6","53","46","6","52","45","6","51","45","6","51"
"Somalia","9075","962","10037","9021","971","9992","8976","979","9955","8873","979","9852","8786","971","9758","8677","954","9631","8604","936","9540","8480","939","9419","8336","950","9285","8149","948","9098","7942","931","8873","7710","906","8616","7450","869","8319","7172","844","8016","6904","816","7719","6668","751","7419","6418","726","7144","6203","740","6944"
"South Africa","2538","461","2999","2601","481","3083","2567","503","3070","2717","517","3234","2901","526","3428","3011","545","3556","3230","551","3781","3398","561","3958","3790","561","4352","3700","585","4286","3601","599","4200","3915","619","4533","3954","639","4593","4048","645","4693","4131","651","4782","4215","657","4872","4291","655","4946","4372","649","5021"
"South Sudan","5827","465","6292","5729","449","6177","5608","432","6040","5479","411","5890","5327","384","5711","5199","374","5573","5137","383","5520","5140","387","5526","5164","392","5557","5182","398","5580","5214","393","5607","5245","398","5642","5232","404","5636","5206","424","5630","5149","433","5583","5086","444","5530","5011","458","5469","4948","459","5407"
"Spain","91","13","104","96","14","110","122","18","140","88","12","100","115","18","133","119","19","137","149","18","167","135","18","152","144","30","173","122","26","148","113","22","135","127","30","157","124","31","155","114","19","133","111","19","130","128","22","150","144","18","161","132","19","152"
"Sri Lanka","224","21","245","236","23","259","249","24","274","261","24","286","271","25","296","275","26","301","276","27","303","286","26","312","306","16","322","326","15","342","331","16","347","322","18","339","305","18","323","304","19","323","297","19","316","327","17","344","378","15","393","433","13","447"
"Sudan","8492","615","9107","8552","629","9180","8653","639","9292","8714","652","9366","8798","607","9405","8872","580","9453","9011","592","9603","9173","599","9773","9411","616","10027","9709","628","10337","10085","608","10693","10494","610","11104","10878","607","11485","11149","632","11780","11303","643","11946","11418","657","12075","11502","672","12174","11618","663","12281"
"Suriname","19","3","23","20","3","23","21","3","24","24","2","26","23","5","28","21","3","24","24","7","31","22","3","24","23","4","27","25","4","28","22","0","22","36","3","39","36","0","36","39","0","39","40","0","40","56","2","58","43","0","43","26","3","30"
"Sweden","39","2","42","38","6","45","33","1","35","42","0","42","33","2","36","37","5","42","39","6","44","30","4","34","32","1","33","24","2","25","32","3","35","33","5","38","37","4","40","39","3","42","36","14","50","37","3","41","33","3","35","26","9","35"
"Switzerland","31","2","33","31","2","33","31","1","32","31","1","33","31","3","34","31","3","33","31","2","33","31","2","33","31","1","32","31","2","33","31","6","37","31","0","31","31","1","32","31","3","34","32","3","36","33","5","38","34","6","40","35","0","35"
"Syrian Arab Republic","529","39","568","547","37","584","573","37","610","605","38","643","639","44","683","674","60","733","705","94","798","734","120","854","767","132","899","809","134","943","859","137","996","912","140","1051","962","145","1107","1010","153","1163","1061","161","1222","1108","170","1278","1151","181","1332","1194","135","1329"
"Tajikistan","915","136","1051","949","139","1087","990","139","1130","1034","136","1170","1074","134","1208","1114","132","1246","1155","131","1285","1188","130","1318","1212","129","1341","1217","129","1346","1214","131","1345","1202","136","1339","1201","145","1346","1207","158","1366","1231","172","1403","1277","206","1483","1339","247","1585","1409","269","1677"
"Thailand","472","54","526","505","57","562","541","59","600","578","61","639","613","64","677","647","66","713","683","69","752","725","70","795","778","71","849","840","71","911","907","70","977","981","69","1050","1058","67","1125","1141","66","1207","1231","65","1296","1332","61","1393","1446","57","1503","1573","54","1627"
"Timor-Leste","278","22","300","281","23","304","286","24","310","293","24","317","300","24","324","308","24","331","318","23","341","326","23","349","334","23","357","339","23","363","347","24","371","355","25","380","366","26","393","380","27","407","397","29","426","418","30","448","442","30","473","468","31","499"
"Togo","2089","223","2312","2106","234","2340","2119","242","2361","2130","237","2367","2127","234","2360","2130","238","2368","2141","236","2377","2166","227","2393","2194","213","2407","2214","196","2411","2219","183","2402","2214","174","2388","2207","170","2376","2193","170","2363","2167","172","2339","2123","174","2297","2081","174","2255","2051","173","2224"
"Tonga","2","0","2","2","0","3","2","0","3","2","0","3","2","0","3","2","0","3","2","0","3","2","0","3","2","1","3","2","1","3","2","1","3","2","1","3","2","1","3","2","0","3","2","0","3","2","0","3","2","0","3","2","0","3"
"Trinidad and Tobago","39","0","39","41","0","41","43","0","43","46","0","46","48","0","48","49","0","49","40","0","40","67","0","67","49","0","49","53","0","53","75","0","75","86","2","89","59","2","61","65","6","71","39","3","42","37","0","37","56","0","56","146","15","161"
"Tunisia","254","46","301","267","47","313","280","46","326","291","44","335","302","42","344","312","39","351","321","29","350","330","28","357","339","27","366","349","26","375","361","25","386","377","25","401","397","24","421","421","25","446","451","24","476","488","16","504","532","16","548","584","16","601"
"Turkey","587","210","796","654","241","894","716","217","934","754","243","998","769","262","1030","804","282","1085","861","239","1100","1045","239","1283","1412","319","1730","1291","368","1659","1401","379","1780","1518","367","1886","1644","389","2033","1772","414","2185","1906","443","2349","2050","482","2532","2214","523","2737","2354","574","2928"
"Turkmenistan","757","138","894","783","143","926","810","149","959","831","152","983","839","154","992","838","152","990","827","149","975","809","144","953","788","140","928","768","138","906","752","137","889","744","138","882","743","140","883","748","142","890","757","144","902","768","148","915","779","151","930","796","156","952"
"Tuvalu","1","0","1","1","0","1","1","0","1","1","0","1","1","0","1","1","0","1","1","0","1","1","0","1","1","0","1","1","0","1","1","0","1","1","0","1","1","0","1","1","0","1","1","0","1","1","0","1","1","0","1","1","0","1"
"Uganda","10442","1147","11589","10581","1196","11777","10789","1250","12039","11000","1311","12311","11187","1289","12477","11321","1314","12635","11391","1322","12713","11464","1307","12771","11453","1295","12748","11436","1290","12725","11384","1280","12664","11306","1324","12629","11190","1418","12608","11106","1486","12592","11070","1480","12551","11057","1507","12564","11031","1468","12499","11007","1413","12420"
"Ukraine","278","15","293","292","13","305","307","14","321","323","21","344","340","40","380","358","46","405","377","36","414","395","42","437","410","53","463","422","66","488","429","62","491","431","56","487","434","54","489","440","55","495","450","57","507","466","61","527","490","65","555","521","70","591"
"United Arab Emirates","55","11","65","54","10","65","54","10","64","53","10","63","53","9","62","53","9","61","52","8","61","53","8","60","53","7","60","53","7","59","52","6","58","51","6","57","50","6","56","49","6","54","48","5","53","47","5","52","46","5","51","45","5","51"
"United Kingdom of Great Britain and Northern Ireland","191","21","212","193","22","215","195","17","211","191","24","215","209","27","236","210","22","232","219","30","249","242","36","278","254","16","271","231","33","264","273","24","296","231","30","261","227","31","258","289","42","330","219","20","239","235","34","269","245","28","273","275","10","285"
"United Republic of Tanzania","14063","2051","16114","14100","2078","16177","14211","2113","16324","14331","2127","16458","14454","2114","16568","14543","1921","16463","14620","1916","16536","14757","1897","16654","14932","1840","16772","15067","1765","16832","15168","1717","16885","15210","1708","16918","15233","1690","16923","15261","1707","16968","15311","1734","17045","15377","1721","17098","15410","1810","17221","15453","1887","17340"
"United States of America","1161","110","1271","1182","116","1298","1233","94","1327","1237","113","1350","1190","91","1281","1231","112","1343","1167","105","1272","1198","114","1312","1150","102","1252","1213","125","1338","1230","102","1332","1202","131","1333","1327","111","1438","1316","127","1443","1409","155","1564","1665","171","1835","1455","144","1599","1434","170","1604"
"Uruguay","27","2","29","28","1","30","20","2","21","33","2","35","37","0","37","34","0","34","29","1","30","25","2","27","19","2","21","30","2","31","33","2","35","41","0","41","34","2","36","29","0","29","46","2","48","64","0","64","61","2","63","60","7","67"
"Uzbekistan","1764","294","2058","1900","313","2213","2063","303","2366","2237","318","2555","2407","333","2741","2584","349","2933","2760","365","3125","2929","375","3305","3058","384","3442","3147","387","3533","3208","395","3603","3258","408","3666","3306","427","3733","3353","448","3801","3424","474","3897","3534","505","4040","3692","540","4231","3896","577","4473"
"Vanuatu","13","2","16","13","2","16","14","2","16","14","2","16","14","2","16","14","2","16","14","2","16","14","1","15","14","1","15","14","1","15","14","1","14","14","1","14","14","1","14","14","1","14","14","0","14","14","1","15","14","1","15","14","1","15"
"Venezuela (Bolivarian Republic of)","1689","51","1740","1450","44","1494","1238","38","1276","1083","33","1117","985","23","1008","890","37","927","914","28","942","830","22","852","885","39","925","913","30","943","932","14","946","901","19","920","906","21","927","898","20","918","984","20","1005","975","25","1000","1016","25","1041","1019","15","1034"
"Viet Nam","2247","141","2388","2303","149","2451","2361","154","2515","2408","141","2549","2442","116","2558","2469","133","2602","2490","126","2616","2503","105","2607","2518","77","2596","2526","75","2601","2542","73","2614","2566","72","2638","2603","73","2676","2661","75","2736","2756","78","2833","2888","79","2967","3069","81","3150","3306","84","3390"
"Yemen","5850","303","6154","5827","292","6119","5821","259","6080","5750","285","6035","5697","283","5979","5636","265","5901","5619","248","5867","5631","232","5863","5703","242","5945","5798","253","6051","5896","261","6157","6022","270","6291","6172","279","6450","6343","287","6631","6474","298","6772","6545","312","6857","6565","330","6895","6610","350","6960"
"Zambia","4240","622","4862","4238","624","4863","4273","622","4895","4321","625","4946","4389","581","4970","4463","595","5058","4538","610","5148","4592","619","5211","4641","625","5265","4697","626","5323","4764","628","5392","4865","638","5503","5014","651","5666","5193","665","5858","5383","681","6064","5547","710","6256","5645","742","6387","5644","766","6410"
"Zimbabwe","3291","434","3725","3411","490","3901","3576","507","4083","3754","545","4299","3942","597","4539","4129","603","4732","4319","621","4939","4471","627","5098","4545","630","5175","4518","614","5131","4413","538","4951","4266","506","4772","4104","451","4555","3941","398","4339","3773","346","4119","3608","299","3908","3474","257","3731","3388","221","3609"
