,Prevalence of anaemia in children under 5 years (%),Prevalence of anaemia in children under 5 years (%),Prevalence of anaemia in children under 5 years (%),Prevalence of anaemia in children under 5 years (%),Prevalence of anaemia in children under 5 years (%),Prevalence of anaemia in children under 5 years (%),Prevalence of anaemia in children under 5 years (%),Prevalence of anaemia in children under 5 years (%),Prevalence of anaemia in children under 5 years (%),Prevalence of anaemia in children under 5 years (%),Prevalence of anaemia in children under 5 years (%),Prevalence of anaemia in children under 5 years (%),Prevalence of anaemia in children under 5 years (%),Prevalence of anaemia in children under 5 years (%),Prevalence of anaemia in children under 5 years (%),Prevalence of anaemia in children under 5 years (%),Prevalence of anaemia in children under 5 years (%),Prevalence of anaemia in children under 5 years (%),Prevalence of anaemia in children under 5 years (%),Prevalence of anaemia in children under 5 years (%),Prevalence of anaemia in children under 5 years (%),Prevalence of anaemia in children under 5 years (%),Prevalence of anaemia in children under 5 years (%),Prevalence of anaemia in children under 5 years (%),Prevalence of anaemia in children under 5 years (%),Prevalence of anaemia in children under 5 years (%),Prevalence of anaemia in children under 5 years (%)
Country, 2016, 2015, 2014, 2013, 2012, 2011, 2010, 2009, 2008, 2007, 2006, 2005, 2004, 2003, 2002, 2001, 2000, 1999, 1998, 1997, 1996, 1995, 1994, 1993, 1992, 1991, 1990
Afghanistan,46.4 ,45.8 ,45.2 ,44.8 ,44.5 ,44.3 ,44.2 ,44.3 ,44.2 ,44.5 ,44.9 ,45.4 ,46.2 ,47.1 ,48.2 ,49.6 ,50.9 ,52.3 ,53.9 ,55.4 ,57.2 ,58.8 ,60.4 ,61.8 ,63.2 ,64.5 ,65.9 
Albania,24.9 ,24.0 ,23.3 ,22.7 ,22.3 ,22.0 ,22.0 ,22.0 ,22.3 ,22.6 ,23.0 ,23.3 ,23.7 ,24.0 ,24.4 ,24.9 ,25.4 ,26.0 ,26.7 ,27.5 ,28.5 ,29.5 ,30.7 ,32.1 ,33.6 ,35.2 ,36.9 
Algeria,30.0 ,29.7 ,29.6 ,29.7 ,29.9 ,30.3 ,30.7 ,31.2 ,31.8 ,32.4 ,33.2 ,33.9 ,34.5 ,35.0 ,35.7 ,36.3 ,37.1 ,38.0 ,39.2 ,40.3 ,41.4 ,42.6 ,43.7 ,44.9 ,46.0 ,47.2 ,48.4 
Andorra,12.8 ,12.1 ,11.5 ,11.1 ,10.7 ,10.5 ,10.4 ,10.3 ,10.2 ,10.3 ,10.3 ,10.4 ,10.4 ,10.5 ,10.6 ,10.7 ,10.9 ,11.1 ,11.3 ,11.6 ,12.0 ,12.4 ,13.0 ,13.6 ,14.4 ,15.3 ,16.4 
Angola,50.9 ,51.3 ,51.8 ,52.4 ,53.2 ,54.0 ,54.8 ,55.8 ,57.0 ,58.3 ,59.8 ,61.0 ,62.2 ,63.3 ,64.2 ,65.2 ,66.2 ,67.1 ,67.9 ,68.7 ,69.4 ,70.0 ,70.4 ,70.8 ,71.1 ,71.4 ,71.7 
Antigua and Barbuda,32.3 ,32.1 ,31.9 ,31.9 ,32.0 ,32.1 ,32.2 ,32.4 ,32.7 ,32.9 ,33.2 ,33.3 ,33.4 ,33.3 ,33.4 ,33.4 ,33.5 ,33.7 ,33.9 ,34.4 ,34.8 ,35.4 ,36.0 ,36.7 ,37.6 ,38.6 ,39.8 
Argentina,22.2 ,21.4 ,20.7 ,20.1 ,19.7 ,19.3 ,19.1 ,18.9 ,18.9 ,19.0 ,19.0 ,19.2 ,19.4 ,19.5 ,19.8 ,20.1 ,20.4 ,20.9 ,21.4 ,22.1 ,22.9 ,23.8 ,24.8 ,26.0 ,27.4 ,28.7 ,30.3 
Armenia,31.5 ,30.7 ,30.0 ,29.3 ,28.9 ,28.5 ,28.0 ,27.8 ,27.6 ,27.5 ,27.5 ,27.4 ,27.1 ,27.0 ,26.9 ,27.0 ,27.3 ,27.7 ,28.2 ,29.1 ,30.1 ,31.2 ,32.3 ,33.4 ,34.5 ,35.8 ,37.2 
Australia,13.9 ,13.2 ,12.6 ,12.1 ,11.8 ,11.5 ,11.4 ,11.3 ,11.2 ,11.2 ,11.2 ,11.2 ,11.3 ,11.4 ,11.5 ,11.6 ,11.7 ,11.9 ,12.2 ,12.5 ,12.9 ,13.4 ,14.0 ,14.7 ,15.5 ,16.4 ,17.4 
Austria,12.6 ,11.9 ,11.4 ,11.0 ,10.8 ,10.6 ,10.6 ,10.6 ,10.6 ,10.7 ,10.8 ,10.9 ,11.0 ,11.1 ,11.3 ,11.4 ,11.6 ,11.8 ,12.0 ,12.3 ,12.7 ,13.1 ,13.6 ,14.3 ,15.1 ,16.0 ,17.0 
Azerbaijan,23.9 ,24.5 ,25.4 ,26.5 ,27.9 ,29.3 ,30.7 ,32.0 ,33.6 ,35.0 ,36.2 ,37.5 ,38.3 ,39.0 ,39.6 ,40.2 ,40.9 ,41.5 ,42.2 ,42.7 ,43.1 ,43.5 ,43.5 ,43.8 ,44.2 ,44.6 ,45.5 
Bahamas,29.5 ,29.3 ,29.1 ,29.0 ,29.0 ,29.2 ,29.4 ,29.6 ,29.8 ,30.0 ,30.1 ,30.1 ,30.0 ,30.1 ,29.9 ,29.9 ,30.0 ,30.1 ,30.3 ,30.7 ,31.0 ,31.5 ,31.9 ,32.5 ,33.2 ,34.1 ,35.1 
Bahrain,30.1 ,29.8 ,29.7 ,29.8 ,29.9 ,30.2 ,30.5 ,30.9 ,31.4 ,31.9 ,32.6 ,33.1 ,33.4 ,33.8 ,34.2 ,34.8 ,35.3 ,35.9 ,36.7 ,37.5 ,38.4 ,39.2 ,40.2 ,41.1 ,42.1 ,43.2 ,44.2 
Bangladesh,40.3 ,41.2 ,42.3 ,43.5 ,44.9 ,46.5 ,48.1 ,49.6 ,51.2 ,52.7 ,54.1 ,55.5 ,56.8 ,58.2 ,59.6 ,60.9 ,62.2 ,63.5 ,64.8 ,66.0 ,67.3 ,68.3 ,69.3 ,70.2 ,71.0 ,71.8 ,72.5 
Barbados,31.9 ,31.7 ,31.7 ,31.7 ,31.9 ,32.1 ,32.4 ,32.8 ,33.2 ,33.4 ,33.8 ,34.0 ,34.2 ,34.3 ,34.3 ,34.4 ,34.5 ,34.9 ,35.4 ,35.9 ,36.4 ,37.0 ,37.8 ,38.6 ,39.4 ,40.4 ,41.5 
Belarus,25.4 ,24.8 ,24.4 ,24.1 ,23.9 ,23.9 ,24.1 ,24.3 ,24.6 ,24.9 ,25.2 ,25.5 ,25.7 ,25.9 ,26.0 ,26.2 ,26.4 ,26.7 ,27.0 ,27.5 ,28.1 ,28.8 ,29.6 ,30.6 ,31.8 ,33.1 ,34.6 
Belgium,12.6 ,11.9 ,11.3 ,10.8 ,10.5 ,10.3 ,10.2 ,10.1 ,10.1 ,10.1 ,10.1 ,10.2 ,10.3 ,10.4 ,10.4 ,10.5 ,10.7 ,10.8 ,11.1 ,11.3 ,11.7 ,12.1 ,12.6 ,13.2 ,13.9 ,14.8 ,15.9 
Belize,22.5 ,22.3 ,22.2 ,22.3 ,22.4 ,22.8 ,23.2 ,23.7 ,24.2 ,24.9 ,25.4 ,26.0 ,26.4 ,27.1 ,27.6 ,28.2 ,28.7 ,29.4 ,30.2 ,30.9 ,31.7 ,32.6 ,33.6 ,34.6 ,35.8 ,37.1 ,38.5 
Benin,62.1 ,63.4 ,64.9 ,66.5 ,68.0 ,69.7 ,71.3 ,72.9 ,74.5 ,75.9 ,77.1 ,78.2 ,79.2 ,80.0 ,80.7 ,81.4 ,82.0 ,82.5 ,82.9 ,83.2 ,83.4 ,83.6 ,83.7 ,83.8 ,83.8 ,83.7 ,83.7 
Bhutan,43.5 ,45.0 ,46.8 ,48.7 ,50.8 ,52.9 ,54.8 ,57.0 ,59.1 ,61.1 ,63.1 ,64.9 ,66.6 ,68.1 ,69.5 ,70.7 ,71.9 ,72.9 ,73.9 ,74.7 ,75.5 ,76.1 ,76.8 ,77.2 ,77.8 ,78.1 ,78.4 
Bolivia (Plurinational State of),46.9 ,47.5 ,48.3 ,49.2 ,50.1 ,51.1 ,51.9 ,52.8 ,53.4 ,53.8 ,54.2 ,54.1 ,54.1 ,53.9 ,53.8 ,53.7 ,53.8 ,54.0 ,54.4 ,54.7 ,55.3 ,55.8 ,56.3 ,57.0 ,57.7 ,58.5 ,59.2 
Bosnia and Herzegovina,28.0 ,27.3 ,26.7 ,26.4 ,26.2 ,26.1 ,26.3 ,26.5 ,26.8 ,27.2 ,27.5 ,27.9 ,28.2 ,28.5 ,28.8 ,29.2 ,29.6 ,30.1 ,30.6 ,31.3 ,32.1 ,33.0 ,34.0 ,35.2 ,36.5 ,37.9 ,39.4 
Botswana,40.4 ,40.4 ,40.7 ,40.9 ,41.3 ,41.7 ,41.9 ,42.1 ,42.3 ,42.6 ,42.6 ,42.7 ,42.8 ,42.9 ,42.9 ,43.0 ,43.1 ,43.2 ,43.5 ,43.8 ,44.1 ,44.5 ,45.0 ,45.5 ,46.1 ,46.7 ,47.7 
Brazil,25.1 ,24.3 ,23.7 ,23.1 ,22.7 ,22.3 ,22.0 ,21.7 ,21.6 ,21.5 ,21.6 ,21.7 ,21.9 ,22.2 ,22.5 ,23.0 ,23.5 ,24.2 ,25.0 ,26.0 ,27.1 ,28.3 ,29.7 ,31.1 ,32.7 ,34.6 ,36.4 
Brunei Darussalam,16.1 ,15.4 ,14.8 ,14.3 ,13.9 ,13.7 ,13.5 ,13.4 ,13.3 ,13.3 ,13.3 ,13.3 ,13.3 ,13.4 ,13.5 ,13.6 ,13.7 ,14.0 ,14.2 ,14.6 ,15.1 ,15.6 ,16.3 ,17.1 ,17.9 ,18.9 ,20.0 
Bulgaria,26.9 ,26.3 ,25.9 ,25.6 ,25.5 ,25.5 ,25.7 ,25.8 ,26.1 ,26.4 ,26.6 ,26.8 ,27.0 ,27.1 ,27.2 ,27.4 ,27.6 ,27.8 ,28.1 ,28.5 ,29.0 ,29.6 ,30.3 ,31.1 ,32.1 ,33.3 ,34.6 
Burkina Faso,86.2 ,86.5 ,86.7 ,87.0 ,87.2 ,87.4 ,87.6 ,87.8 ,88.0 ,88.3 ,88.5 ,88.8 ,89.0 ,89.3 ,89.5 ,89.7 ,89.9 ,90.1 ,90.2 ,90.3 ,90.4 ,90.4 ,90.4 ,90.4 ,90.4 ,90.3 ,90.2 
Burundi,47.3 ,47.8 ,48.4 ,49.1 ,50.0 ,50.9 ,52.0 ,53.3 ,54.7 ,56.1 ,57.9 ,59.2 ,60.6 ,61.7 ,63.0 ,64.1 ,65.3 ,66.5 ,67.7 ,68.8 ,69.8 ,70.8 ,71.8 ,72.8 ,73.7 ,74.6 ,75.4 
Cabo Verde,55.1 ,54.9 ,54.7 ,54.5 ,54.3 ,54.3 ,54.3 ,54.3 ,54.6 ,55.3 ,55.8 ,56.7 ,57.5 ,58.5 ,59.5 ,60.7 ,62.0 ,63.3 ,64.7 ,66.0 ,67.1 ,68.2 ,69.1 ,69.9 ,70.7 ,71.3 ,71.9 
Cambodia,54.4 ,54.7 ,55.0 ,55.3 ,55.7 ,56.2 ,56.5 ,57.1 ,57.6 ,58.4 ,59.3 ,60.2 ,61.1 ,61.8 ,62.6 ,63.5 ,64.3 ,65.1 ,65.9 ,66.7 ,67.4 ,67.9 ,68.4 ,68.9 ,69.2 ,69.6 ,69.9 
Cameroon,62.5 ,62.6 ,62.8 ,62.9 ,63.1 ,63.4 ,63.8 ,64.2 ,64.8 ,65.5 ,66.2 ,67.0 ,67.9 ,68.7 ,69.5 ,70.2 ,71.0 ,71.8 ,72.5 ,73.2 ,73.8 ,74.3 ,74.6 ,75.0 ,75.2 ,75.4 ,75.6 
Canada,9.4 ,9.0 ,8.7 ,8.5 ,8.4 ,8.4 ,8.5 ,8.6 ,8.7 ,8.8 ,9.0 ,9.1 ,9.2 ,9.3 ,9.4 ,9.5 ,9.6 ,9.8 ,10.0 ,10.2 ,10.4 ,10.8 ,11.2 ,11.7 ,12.3 ,13.1 ,14.0 
Central African Republic,71.9 ,72.2 ,72.7 ,73.1 ,73.5 ,73.9 ,74.4 ,75.0 ,75.6 ,76.2 ,76.9 ,77.5 ,78.1 ,78.7 ,79.3 ,79.9 ,80.4 ,80.9 ,81.4 ,81.8 ,82.1 ,82.3 ,82.5 ,82.6 ,82.7 ,82.7 ,82.7 
Chad,73.3 ,73.7 ,74.0 ,74.4 ,74.8 ,75.2 ,75.5 ,76.0 ,76.5 ,76.9 ,77.5 ,78.1 ,78.6 ,79.2 ,79.6 ,80.1 ,80.5 ,80.9 ,81.3 ,81.6 ,81.8 ,82.0 ,82.2 ,82.3 ,82.4 ,82.5 ,82.5 
Chile,20.0 ,19.5 ,19.0 ,18.6 ,18.3 ,18.2 ,18.2 ,18.2 ,18.3 ,18.6 ,18.8 ,19.1 ,19.4 ,19.7 ,20.1 ,20.4 ,20.9 ,21.4 ,22.0 ,22.6 ,23.4 ,24.3 ,25.3 ,26.4 ,27.7 ,29.2 ,30.7 
China,21.4 ,20.0 ,18.7 ,17.6 ,16.7 ,15.9 ,15.2 ,14.7 ,14.3 ,14.0 ,13.9 ,13.8 ,13.8 ,13.8 ,13.9 ,14.2 ,14.6 ,15.2 ,15.9 ,16.7 ,17.8 ,19.0 ,20.4 ,22.1 ,24.0 ,26.0 ,28.1 
Colombia,26.6 ,26.8 ,27.0 ,27.5 ,28.0 ,28.8 ,29.5 ,30.5 ,31.3 ,32.2 ,33.0 ,33.5 ,33.9 ,34.2 ,34.3 ,34.4 ,34.5 ,34.5 ,34.6 ,34.6 ,34.8 ,35.0 ,35.2 ,35.5 ,35.9 ,36.5 ,37.2 
Comoros,48.1 ,48.2 ,48.6 ,49.0 ,49.4 ,50.0 ,50.7 ,51.5 ,52.3 ,53.2 ,54.3 ,55.2 ,56.2 ,57.1 ,58.0 ,59.0 ,60.1 ,61.2 ,62.4 ,63.5 ,64.7 ,65.8 ,67.0 ,68.0 ,69.1 ,70.1 ,71.1 
Congo,64.3 ,64.4 ,64.5 ,64.7 ,64.8 ,65.0 ,65.2 ,65.3 ,65.6 ,65.9 ,66.2 ,66.6 ,66.9 ,67.3 ,67.6 ,68.0 ,68.5 ,69.1 ,69.6 ,70.2 ,70.7 ,71.2 ,71.7 ,72.1 ,72.5 ,72.8 ,73.2 
Costa Rica,28.7 ,28.5 ,28.3 ,28.1 ,28.1 ,28.2 ,28.2 ,28.3 ,28.4 ,28.5 ,28.4 ,28.3 ,28.2 ,28.0 ,27.7 ,27.5 ,27.4 ,27.4 ,27.4 ,27.6 ,27.8 ,28.2 ,28.7 ,29.4 ,30.3 ,31.4 ,32.4 
CÃ´te d'Ivoire,73.4 ,73.6 ,73.8 ,74.0 ,74.1 ,74.3 ,74.5 ,74.6 ,74.8 ,75.1 ,75.4 ,75.7 ,76.0 ,76.3 ,76.7 ,77.1 ,77.5 ,77.9 ,78.3 ,78.7 ,79.0 ,79.3 ,79.5 ,79.7 ,79.7 ,79.8 ,79.8 
Croatia,27.1 ,26.4 ,25.8 ,25.5 ,25.3 ,25.2 ,25.4 ,25.6 ,25.9 ,26.3 ,26.6 ,26.9 ,27.1 ,27.3 ,27.5 ,27.8 ,28.1 ,28.4 ,28.9 ,29.4 ,30.1 ,30.9 ,31.8 ,32.8 ,34.0 ,35.3 ,36.7 
Cuba,29.3 ,29.1 ,29.0 ,28.9 ,29.0 ,29.2 ,29.4 ,29.6 ,29.8 ,30.1 ,30.2 ,30.3 ,30.3 ,30.3 ,30.2 ,30.2 ,30.3 ,30.4 ,30.6 ,31.0 ,31.3 ,31.8 ,32.3 ,32.8 ,33.5 ,34.3 ,35.3 
Cyprus,17.5 ,16.7 ,16.0 ,15.5 ,15.2 ,15.0 ,14.8 ,14.8 ,14.8 ,14.8 ,14.9 ,15.0 ,15.1 ,15.2 ,15.3 ,15.5 ,15.7 ,16.0 ,16.3 ,16.7 ,17.2 ,17.7 ,18.4 ,19.2 ,20.1 ,21.2 ,22.3 
Czechia,25.8 ,25.2 ,24.8 ,24.5 ,24.3 ,24.3 ,24.5 ,24.7 ,24.9 ,25.3 ,25.5 ,25.7 ,25.9 ,26.0 ,26.1 ,26.2 ,26.3 ,26.5 ,26.8 ,27.1 ,27.6 ,28.1 ,28.8 ,29.6 ,30.6 ,31.7 ,32.9 
Democratic People's Republic of Korea,31.3 ,30.5 ,29.7 ,29.0 ,28.5 ,28.1 ,27.7 ,27.5 ,27.4 ,27.4 ,27.6 ,27.8 ,28.1 ,28.5 ,29.1 ,29.7 ,30.7 ,31.6 ,32.7 ,33.8 ,35.0 ,36.1 ,37.5 ,38.8 ,40.3 ,41.9 ,43.4 
Democratic Republic of the Congo,63.2 ,63.8 ,64.5 ,65.2 ,66.0 ,66.9 ,67.9 ,68.8 ,69.9 ,71.0 ,72.0 ,73.0 ,73.9 ,74.7 ,75.5 ,76.2 ,77.0 ,77.6 ,78.1 ,78.6 ,79.0 ,79.3 ,79.5 ,79.7 ,79.8 ,79.9 ,80.0 
Denmark,12.7 ,12.0 ,11.4 ,10.9 ,10.6 ,10.4 ,10.2 ,10.1 ,10.1 ,10.1 ,10.2 ,10.2 ,10.3 ,10.4 ,10.5 ,10.6 ,10.7 ,10.9 ,11.1 ,11.4 ,11.7 ,12.1 ,12.6 ,13.2 ,14.0 ,14.9 ,15.9 
Djibouti,42.0 ,42.2 ,42.5 ,42.9 ,43.4 ,44.0 ,44.6 ,45.3 ,46.3 ,47.3 ,48.3 ,49.2 ,50.2 ,50.9 ,51.7 ,52.5 ,53.3 ,54.2 ,55.2 ,56.2 ,57.0 ,58.1 ,59.1 ,60.1 ,61.3 ,62.3 ,63.3 
Dominica,32.5 ,32.4 ,32.3 ,32.3 ,32.4 ,32.6 ,32.7 ,33.1 ,33.3 ,33.5 ,33.8 ,33.8 ,33.9 ,33.8 ,33.9 ,33.9 ,34.0 ,34.3 ,34.5 ,35.0 ,35.3 ,35.8 ,36.5 ,37.2 ,38.0 ,39.0 ,40.2 
Dominican Republic,28.0 ,27.7 ,27.6 ,27.5 ,27.6 ,27.8 ,28.0 ,28.2 ,28.5 ,28.9 ,29.1 ,29.4 ,29.7 ,29.7 ,30.0 ,30.1 ,30.5 ,30.9 ,31.6 ,32.3 ,33.2 ,34.1 ,35.0 ,36.2 ,37.5 ,38.7 ,40.0 
Ecuador,27.7 ,27.9 ,28.2 ,28.7 ,29.4 ,30.2 ,30.9 ,31.9 ,32.8 ,33.6 ,34.2 ,34.7 ,35.3 ,35.5 ,35.8 ,36.0 ,36.3 ,36.6 ,36.7 ,37.0 ,37.3 ,37.7 ,38.2 ,38.7 ,39.4 ,40.1 ,40.8 
Egypt,31.7 ,32.2 ,32.8 ,33.6 ,34.4 ,35.3 ,36.2 ,36.9 ,37.8 ,38.6 ,39.1 ,39.4 ,39.3 ,39.2 ,38.8 ,38.7 ,38.4 ,38.4 ,38.6 ,38.9 ,39.1 ,39.6 ,40.0 ,40.5 ,41.0 ,41.8 ,42.5 
El Salvador,30.6 ,29.8 ,29.1 ,28.3 ,27.6 ,26.9 ,26.3 ,25.6 ,25.0 ,24.3 ,23.7 ,23.0 ,22.5 ,21.9 ,21.4 ,21.1 ,20.8 ,20.7 ,21.0 ,21.4 ,21.9 ,22.7 ,23.8 ,25.0 ,26.2 ,27.5 ,28.9 
Equatorial Guinea,64.0 ,64.2 ,64.5 ,64.9 ,65.2 ,65.6 ,65.9 ,66.3 ,66.7 ,67.2 ,68.0 ,68.6 ,69.4 ,70.1 ,70.9 ,71.7 ,72.5 ,73.3 ,74.0 ,74.8 ,75.4 ,75.8 ,76.1 ,76.6 ,76.9 ,77.2 ,77.4 
Eritrea,56.6 ,57.1 ,57.7 ,58.4 ,59.1 ,59.9 ,60.7 ,61.6 ,62.6 ,63.6 ,64.6 ,65.7 ,66.6 ,67.6 ,68.6 ,69.6 ,70.7 ,71.8 ,73.0 ,74.1 ,75.3 ,76.3 ,77.3 ,78.2 ,78.9 ,79.4 ,79.9 
Estonia,26.0 ,25.3 ,24.7 ,24.4 ,24.1 ,24.1 ,24.1 ,24.3 ,24.5 ,24.8 ,25.1 ,25.4 ,25.6 ,25.8 ,26.0 ,26.2 ,26.4 ,26.7 ,27.1 ,27.5 ,28.1 ,28.7 ,29.5 ,30.4 ,31.5 ,32.7 ,34.0 
Eswatini,42.0 ,41.8 ,41.8 ,41.9 ,42.0 ,42.2 ,42.4 ,42.3 ,42.5 ,42.6 ,42.6 ,42.5 ,42.5 ,42.4 ,42.3 ,42.2 ,42.2 ,42.4 ,42.6 ,43.0 ,43.3 ,43.7 ,44.3 ,44.9 ,45.6 ,46.5 ,47.3 
Ethiopia,50.0 ,50.0 ,50.1 ,50.4 ,50.8 ,51.3 ,52.1 ,53.1 ,54.3 ,55.6 ,57.0 ,58.3 ,59.8 ,61.2 ,62.7 ,64.2 ,65.7 ,67.4 ,68.9 ,70.3 ,71.8 ,73.1 ,74.2 ,75.3 ,76.3 ,77.1 ,77.8 
Fiji,37.5 ,37.7 ,38.1 ,38.5 ,39.0 ,39.5 ,40.2 ,40.7 ,41.2 ,41.6 ,42.1 ,42.3 ,42.4 ,42.3 ,41.9 ,41.6 ,41.2 ,40.9 ,40.6 ,40.4 ,40.2 ,40.2 ,40.3 ,40.5 ,41.0 ,41.5 ,42.4 
Finland,12.6 ,11.9 ,11.4 ,11.0 ,10.7 ,10.5 ,10.4 ,10.4 ,10.4 ,10.4 ,10.5 ,10.6 ,10.7 ,10.8 ,10.9 ,11.0 ,11.1 ,11.3 ,11.5 ,11.7 ,12.0 ,12.3 ,12.8 ,13.3 ,14.0 ,14.9 ,15.9 
France,12.9 ,12.2 ,11.6 ,11.1 ,10.8 ,10.6 ,10.5 ,10.4 ,10.4 ,10.5 ,10.6 ,10.7 ,10.8 ,10.9 ,11.0 ,11.1 ,11.3 ,11.5 ,11.8 ,12.1 ,12.5 ,12.9 ,13.5 ,14.2 ,15.0 ,16.0 ,17.1 
Gabon,62.5 ,62.4 ,62.5 ,62.5 ,62.4 ,62.4 ,62.4 ,62.4 ,62.6 ,62.7 ,63.0 ,63.2 ,63.5 ,63.8 ,64.3 ,64.8 ,65.3 ,65.9 ,66.6 ,67.2 ,67.9 ,68.5 ,69.2 ,69.8 ,70.4 ,71.1 ,71.7 
Gambia,75.7 ,75.8 ,75.9 ,76.0 ,76.1 ,76.1 ,76.2 ,76.2 ,76.4 ,76.8 ,77.2 ,77.6 ,78.0 ,78.6 ,79.2 ,79.9 ,80.5 ,81.1 ,81.8 ,82.3 ,82.9 ,83.3 ,83.7 ,84.0 ,84.2 ,84.5 ,84.7 
Georgia,23.6 ,23.1 ,22.8 ,22.6 ,22.7 ,22.9 ,23.2 ,23.7 ,24.4 ,25.0 ,25.8 ,26.5 ,27.0 ,27.6 ,28.1 ,28.7 ,29.3 ,30.1 ,30.9 ,31.9 ,32.8 ,33.9 ,34.7 ,35.6 ,36.6 ,37.6 ,38.8 
Germany,12.4 ,11.7 ,11.2 ,10.8 ,10.5 ,10.3 ,10.3 ,10.2 ,10.3 ,10.3 ,10.4 ,10.5 ,10.6 ,10.7 ,10.8 ,10.9 ,11.0 ,11.2 ,11.4 ,11.7 ,12.0 ,12.4 ,12.9 ,13.6 ,14.3 ,15.2 ,16.3 
Ghana,66.9 ,67.5 ,68.2 ,68.8 ,69.6 ,70.4 ,71.2 ,72.2 ,73.3 ,74.2 ,75.2 ,76.1 ,76.9 ,77.7 ,78.4 ,79.0 ,79.6 ,80.1 ,80.6 ,81.0 ,81.4 ,81.7 ,81.9 ,82.1 ,82.2 ,82.3 ,82.4 
Greece,13.9 ,13.1 ,12.5 ,12.0 ,11.6 ,11.4 ,11.2 ,11.1 ,11.1 ,11.1 ,11.2 ,11.2 ,11.3 ,11.5 ,11.6 ,11.8 ,12.0 ,12.2 ,12.5 ,12.8 ,13.2 ,13.7 ,14.3 ,15.0 ,15.8 ,16.8 ,18.0 
Grenada,34.0 ,33.8 ,33.7 ,33.8 ,33.9 ,34.2 ,34.4 ,34.8 ,35.1 ,35.3 ,35.6 ,35.9 ,36.0 ,36.1 ,36.2 ,36.5 ,36.8 ,37.1 ,37.6 ,38.0 ,38.7 ,39.3 ,40.0 ,40.8 ,41.6 ,42.6 ,43.9 
Guatemala,36.5 ,37.1 ,37.8 ,38.6 ,39.4 ,40.3 ,40.9 ,41.5 ,41.8 ,41.8 ,41.7 ,41.3 ,41.0 ,40.5 ,40.0 ,39.6 ,39.3 ,39.2 ,39.2 ,39.5 ,39.6 ,39.8 ,40.3 ,40.8 ,41.5 ,42.1 ,43.0 
Guinea,74.4 ,74.6 ,74.8 ,75.1 ,75.3 ,75.6 ,75.9 ,76.1 ,76.5 ,76.9 ,77.3 ,77.9 ,78.3 ,78.8 ,79.3 ,79.8 ,80.4 ,80.9 ,81.3 ,81.8 ,82.1 ,82.5 ,82.8 ,83.0 ,83.2 ,83.4 ,83.5 
Guinea-Bissau,68.1 ,68.4 ,68.8 ,69.1 ,69.5 ,69.9 ,70.2 ,70.7 ,71.1 ,71.7 ,72.3 ,72.9 ,73.6 ,74.1 ,74.7 ,75.4 ,76.0 ,76.7 ,77.1 ,77.5 ,78.1 ,78.5 ,78.8 ,79.1 ,79.3 ,79.6 ,79.8 
Guyana,37.9 ,38.1 ,38.3 ,38.7 ,39.1 ,39.7 ,40.2 ,40.7 ,41.2 ,41.6 ,42.1 ,42.3 ,42.6 ,42.6 ,42.7 ,43.0 ,43.4 ,43.7 ,44.1 ,44.7 ,45.3 ,45.9 ,46.5 ,47.3 ,48.0 ,48.7 ,49.5 
Haiti,58.2 ,58.6 ,59.0 ,59.4 ,59.8 ,60.1 ,60.3 ,60.5 ,60.9 ,61.0 ,61.3 ,61.5 ,61.7 ,61.9 ,62.3 ,62.5 ,63.0 ,63.4 ,63.7 ,64.0 ,64.4 ,64.7 ,65.1 ,65.3 ,65.6 ,65.9 ,66.3 
Honduras,31.4 ,31.4 ,31.5 ,31.7 ,31.9 ,32.3 ,32.6 ,33.1 ,33.3 ,33.6 ,33.8 ,33.8 ,33.5 ,33.2 ,33.0 ,32.9 ,33.1 ,33.4 ,33.7 ,34.4 ,35.2 ,36.2 ,37.3 ,38.4 ,39.5 ,40.8 ,42.1 
Hungary,26.6 ,25.9 ,25.4 ,25.1 ,24.9 ,24.9 ,24.9 ,25.1 ,25.4 ,25.6 ,25.9 ,26.1 ,26.2 ,26.4 ,26.5 ,26.7 ,26.9 ,27.1 ,27.4 ,27.8 ,28.3 ,28.9 ,29.6 ,30.4 ,31.4 ,32.4 ,33.6 
Iceland,12.4 ,11.7 ,11.2 ,10.7 ,10.5 ,10.3 ,10.2 ,10.1 ,10.1 ,10.2 ,10.2 ,10.3 ,10.4 ,10.5 ,10.5 ,10.6 ,10.8 ,10.9 ,11.1 ,11.3 ,11.6 ,12.0 ,12.5 ,13.0 ,13.7 ,14.6 ,15.6 
India,57.3 ,57.6 ,58.0 ,58.5 ,59.1 ,59.7 ,60.4 ,61.0 ,61.8 ,62.7 ,63.6 ,64.5 ,65.4 ,66.1 ,67.0 ,67.9 ,68.8 ,69.8 ,70.8 ,71.7 ,72.6 ,73.5 ,74.3 ,75.1 ,75.8 ,76.4 ,77.1 
Indonesia,36.8 ,36.0 ,35.3 ,34.8 ,34.4 ,34.1 ,33.9 ,33.9 ,34.0 ,34.4 ,34.7 ,35.4 ,36.0 ,36.8 ,37.6 ,38.7 ,39.9 ,41.4 ,42.9 ,44.6 ,46.3 ,48.2 ,50.0 ,51.8 ,53.6 ,55.3 ,57.1 
Iran (Islamic Republic of),28.2 ,28.4 ,28.8 ,29.4 ,30.2 ,31.1 ,32.0 ,33.0 ,34.1 ,35.4 ,36.5 ,37.5 ,38.3 ,39.1 ,39.8 ,40.7 ,41.3 ,42.3 ,43.1 ,44.0 ,44.8 ,45.7 ,46.5 ,47.3 ,48.2 ,49.3 ,50.3 
Iraq,24.1 ,24.1 ,24.4 ,24.9 ,25.6 ,26.5 ,27.5 ,28.7 ,30.0 ,31.4 ,32.6 ,33.8 ,34.7 ,35.7 ,36.4 ,37.4 ,38.4 ,39.6 ,40.9 ,42.0 ,43.0 ,44.0 ,44.8 ,45.7 ,46.4 ,47.2 ,47.9 
Ireland,12.5 ,11.8 ,11.3 ,10.9 ,10.6 ,10.5 ,10.4 ,10.3 ,10.4 ,10.5 ,10.5 ,10.7 ,10.8 ,10.9 ,11.0 ,11.2 ,11.4 ,11.6 ,11.8 ,12.1 ,12.5 ,12.9 ,13.4 ,14.1 ,14.9 ,15.8 ,16.9 
Israel,13.4 ,12.8 ,12.2 ,11.7 ,11.4 ,11.1 ,11.0 ,10.9 ,10.9 ,10.9 ,10.9 ,10.9 ,11.0 ,11.1 ,11.1 ,11.2 ,11.3 ,11.5 ,11.7 ,12.0 ,12.4 ,12.8 ,13.3 ,14.0 ,14.7 ,15.6 ,16.6 
Italy,13.3 ,12.6 ,12.0 ,11.5 ,11.2 ,11.0 ,10.9 ,10.9 ,10.9 ,10.9 ,11.0 ,11.1 ,11.2 ,11.3 ,11.4 ,11.6 ,11.7 ,11.9 ,12.2 ,12.5 ,12.8 ,13.3 ,13.8 ,14.5 ,15.3 ,16.2 ,17.2 
Jamaica,27.7 ,27.4 ,27.3 ,27.2 ,27.3 ,27.5 ,27.7 ,27.9 ,28.1 ,28.5 ,28.7 ,28.9 ,29.1 ,29.3 ,29.5 ,29.7 ,30.1 ,30.6 ,31.2 ,31.8 ,32.5 ,33.5 ,34.4 ,35.5 ,36.7 ,37.9 ,39.4 
Japan,13.2 ,12.4 ,11.8 ,11.4 ,11.0 ,10.8 ,10.7 ,10.6 ,10.6 ,10.6 ,10.6 ,10.7 ,10.8 ,10.8 ,10.9 ,11.0 ,11.2 ,11.4 ,11.6 ,11.9 ,12.2 ,12.7 ,13.3 ,14.0 ,14.8 ,15.8 ,16.8 
Jordan,31.1 ,31.0 ,31.0 ,31.2 ,31.5 ,32.0 ,32.5 ,33.0 ,33.6 ,34.2 ,34.5 ,34.7 ,34.7 ,34.7 ,34.7 ,34.9 ,35.1 ,35.7 ,36.2 ,37.1 ,37.9 ,38.7 ,39.7 ,40.6 ,41.8 ,42.8 ,44.1 
Kazakhstan,29.3 ,28.9 ,28.8 ,28.8 ,29.1 ,29.5 ,30.0 ,30.7 ,31.6 ,32.4 ,33.3 ,34.2 ,35.2 ,36.1 ,37.3 ,38.4 ,39.8 ,41.5 ,43.1 ,45.0 ,46.8 ,48.6 ,50.2 ,52.0 ,53.8 ,55.4 ,57.2 
Kenya,41.1 ,41.9 ,42.8 ,43.9 ,45.1 ,46.3 ,47.6 ,48.9 ,50.4 ,51.9 ,53.5 ,55.0 ,56.5 ,57.8 ,59.4 ,60.8 ,62.4 ,64.0 ,65.5 ,67.1 ,68.6 ,70.1 ,71.5 ,72.9 ,74.1 ,75.2 ,76.3 
Kiribati,39.1 ,39.0 ,38.9 ,38.9 ,39.0 ,39.1 ,39.2 ,39.3 ,39.4 ,39.5 ,39.5 ,39.6 ,39.7 ,39.6 ,39.6 ,39.6 ,39.7 ,40.0 ,40.2 ,40.7 ,41.2 ,41.8 ,42.2 ,42.7 ,43.3 ,44.1 ,44.9 
Kuwait,25.3 ,24.9 ,24.7 ,24.5 ,24.5 ,24.6 ,24.9 ,25.3 ,25.5 ,25.9 ,26.3 ,26.6 ,26.8 ,26.8 ,26.9 ,27.0 ,27.3 ,27.6 ,27.9 ,28.4 ,28.9 ,29.7 ,30.5 ,31.2 ,32.2 ,33.2 ,34.1 
Kyrgyzstan,38.3 ,37.4 ,36.6 ,36.0 ,35.4 ,35.0 ,34.6 ,34.4 ,34.7 ,35.1 ,35.8 ,36.3 ,37.1 ,37.9 ,38.9 ,40.1 ,41.4 ,42.9 ,44.5 ,46.1 ,47.6 ,49.0 ,50.4 ,51.6 ,52.7 ,54.0 ,55.4 
Lao People's Democratic Republic,43.8 ,43.3 ,42.9 ,42.5 ,42.3 ,42.2 ,42.3 ,42.3 ,42.6 ,42.9 ,43.3 ,43.9 ,44.5 ,45.2 ,46.0 ,47.1 ,48.2 ,49.6 ,50.8 ,52.3 ,53.7 ,55.3 ,56.6 ,58.0 ,59.2 ,60.4 ,61.6 
Latvia,26.1 ,25.5 ,24.9 ,24.6 ,24.4 ,24.3 ,24.4 ,24.6 ,24.9 ,25.2 ,25.4 ,25.7 ,25.9 ,26.0 ,26.1 ,26.3 ,26.6 ,26.9 ,27.2 ,27.7 ,28.2 ,28.9 ,29.7 ,30.6 ,31.7 ,32.8 ,34.2 
Lebanon,25.0 ,24.6 ,24.2 ,24.1 ,24.0 ,24.1 ,24.3 ,24.6 ,24.9 ,25.4 ,25.7 ,25.9 ,26.2 ,26.4 ,26.6 ,26.9 ,27.2 ,27.8 ,28.4 ,29.0 ,29.8 ,30.7 ,31.7 ,32.8 ,33.9 ,35.2 ,36.4 
Lesotho,50.4 ,50.0 ,49.6 ,49.3 ,49.1 ,48.9 ,48.7 ,48.4 ,48.4 ,48.3 ,48.3 ,48.2 ,47.9 ,47.8 ,47.6 ,47.6 ,47.7 ,47.9 ,48.0 ,48.4 ,48.9 ,49.4 ,50.1 ,50.8 ,51.5 ,52.3 ,53.0 
Liberia,68.6 ,68.8 ,69.1 ,69.3 ,69.5 ,69.7 ,70.0 ,70.3 ,70.8 ,71.4 ,72.0 ,72.7 ,73.4 ,74.1 ,74.8 ,75.7 ,76.5 ,77.4 ,78.2 ,78.9 ,79.5 ,79.6 ,79.5 ,79.3 ,79.0 ,78.8 ,79.0 
Libya,28.8 ,28.5 ,28.4 ,28.4 ,28.7 ,29.0 ,29.4 ,30.0 ,30.5 ,31.2 ,31.9 ,32.5 ,33.1 ,33.4 ,34.0 ,34.5 ,35.0 ,35.7 ,36.5 ,37.4 ,38.2 ,39.2 ,40.1 ,41.2 ,42.2 ,43.2 ,44.5 
Lithuania,25.5 ,24.9 ,24.4 ,24.0 ,23.8 ,23.8 ,23.9 ,24.1 ,24.4 ,24.7 ,25.0 ,25.3 ,25.5 ,25.7 ,25.8 ,26.0 ,26.2 ,26.5 ,26.8 ,27.3 ,27.8 ,28.5 ,29.3 ,30.2 ,31.2 ,32.4 ,33.7 
Luxembourg,12.6 ,11.9 ,11.4 ,10.9 ,10.6 ,10.4 ,10.3 ,10.3 ,10.3 ,10.3 ,10.4 ,10.4 ,10.5 ,10.6 ,10.7 ,10.8 ,10.9 ,11.1 ,11.3 ,11.6 ,11.9 ,12.3 ,12.8 ,13.5 ,14.2 ,15.1 ,16.1 
Madagascar,48.8 ,49.3 ,50.0 ,50.7 ,51.5 ,52.4 ,53.3 ,54.5 ,55.7 ,57.1 ,58.6 ,60.0 ,61.2 ,62.5 ,63.7 ,64.9 ,66.2 ,67.4 ,68.8 ,70.2 ,71.3 ,72.5 ,73.6 ,74.7 ,75.6 ,76.6 ,77.5 
Malawi,59.2 ,60.0 ,60.9 ,61.9 ,62.8 ,63.8 ,64.8 ,65.9 ,67.0 ,68.1 ,69.3 ,70.3 ,71.2 ,72.1 ,72.9 ,73.7 ,74.4 ,75.1 ,75.9 ,76.6 ,77.4 ,78.0 ,78.8 ,79.3 ,79.8 ,80.2 ,80.6 
Malaysia,30.8 ,30.3 ,29.8 ,29.4 ,29.1 ,28.8 ,28.6 ,28.4 ,28.3 ,28.3 ,28.4 ,28.5 ,28.7 ,29.0 ,29.3 ,29.9 ,30.6 ,31.5 ,32.4 ,33.6 ,34.9 ,36.3 ,37.7 ,39.2 ,40.8 ,42.4 ,44.1 
Maldives,39.0 ,38.4 ,37.9 ,37.4 ,37.1 ,36.9 ,36.7 ,36.9 ,37.3 ,38.3 ,39.5 ,41.4 ,43.3 ,45.9 ,48.8 ,52.0 ,55.6 ,59.2 ,62.7 ,66.2 ,69.3 ,72.2 ,74.6 ,76.6 ,78.4 ,79.9 ,81.1 
Mali,83.4 ,83.3 ,83.1 ,82.9 ,82.7 ,82.5 ,82.2 ,82.1 ,82.0 ,82.1 ,82.1 ,82.3 ,82.7 ,83.0 ,83.4 ,83.8 ,84.3 ,84.7 ,85.2 ,85.5 ,85.9 ,86.2 ,86.4 ,86.5 ,86.7 ,86.8 ,86.9 
Malta,13.3 ,12.6 ,12.0 ,11.6 ,11.3 ,11.1 ,11.0 ,10.9 ,11.0 ,11.0 ,11.1 ,11.2 ,11.2 ,11.3 ,11.4 ,11.5 ,11.7 ,11.9 ,12.1 ,12.3 ,12.7 ,13.1 ,13.6 ,14.2 ,15.0 ,15.9 ,16.9 
Marshall Islands,36.1 ,35.9 ,35.8 ,35.8 ,35.9 ,36.0 ,36.0 ,36.2 ,36.2 ,36.3 ,36.2 ,36.3 ,36.2 ,36.1 ,36.0 ,35.9 ,35.8 ,35.7 ,35.8 ,35.8 ,36.0 ,36.2 ,36.6 ,36.9 ,37.4 ,38.0 ,38.8 
Mauritania,67.9 ,68.2 ,68.5 ,68.8 ,69.1 ,69.5 ,69.8 ,70.2 ,70.6 ,71.2 ,71.8 ,72.4 ,72.9 ,73.5 ,74.0 ,74.6 ,75.3 ,75.8 ,76.4 ,76.9 ,77.4 ,77.8 ,78.2 ,78.5 ,78.9 ,79.1 ,79.2 
Mauritius,39.1 ,39.1 ,39.3 ,39.5 ,39.9 ,40.4 ,41.0 ,41.6 ,42.5 ,43.4 ,44.4 ,45.2 ,46.0 ,46.9 ,47.7 ,48.6 ,49.7 ,50.9 ,52.3 ,53.7 ,55.3 ,56.9 ,58.5 ,60.1 ,61.7 ,63.4 ,65.0 
Mexico,28.2 ,27.7 ,27.3 ,27.0 ,26.9 ,26.9 ,27.0 ,27.2 ,27.5 ,28.0 ,28.3 ,28.8 ,29.1 ,29.5 ,30.0 ,30.4 ,31.0 ,31.7 ,32.5 ,33.4 ,34.1 ,35.0 ,36.0 ,37.1 ,38.3 ,39.6 ,40.9 
Micronesia (Federated States of),38.2 ,37.7 ,37.4 ,37.0 ,36.7 ,36.5 ,36.3 ,36.1 ,35.8 ,35.5 ,35.2 ,34.8 ,34.4 ,33.9 ,33.4 ,33.1 ,32.8 ,32.6 ,32.5 ,32.4 ,32.6 ,32.8 ,33.1 ,33.6 ,34.3 ,35.0 ,35.9 
Mongolia,30.3 ,29.3 ,28.4 ,27.7 ,27.0 ,26.6 ,26.0 ,25.8 ,25.5 ,25.5 ,25.6 ,25.8 ,26.0 ,26.5 ,27.2 ,27.9 ,28.8 ,30.0 ,31.3 ,32.8 ,34.3 ,35.9 ,37.4 ,38.9 ,40.5 ,41.9 ,43.4 
Montenegro,26.9 ,26.3 ,25.8 ,25.5 ,25.4 ,25.4 ,25.5 ,25.7 ,26.0 ,26.3 ,26.6 ,26.8 ,26.9 ,27.1 ,27.2 ,27.4 ,27.6 ,27.9 ,28.3 ,28.8 ,29.5 ,30.3 ,31.2 ,32.3 ,33.6 ,35.0 ,36.5 
Morocco,34.0 ,33.3 ,32.8 ,32.4 ,32.2 ,32.0 ,32.0 ,32.0 ,32.2 ,32.4 ,32.6 ,32.9 ,32.9 ,33.2 ,33.5 ,34.0 ,34.4 ,35.2 ,36.2 ,37.2 ,38.4 ,39.6 ,40.9 ,42.4 ,43.7 ,45.4 ,47.0 
Mozambique,60.2 ,60.9 ,61.8 ,62.6 ,63.5 ,64.4 ,65.2 ,66.0 ,66.9 ,68.0 ,69.0 ,70.0 ,70.8 ,71.8 ,72.7 ,73.5 ,74.4 ,75.3 ,76.2 ,77.1 ,77.9 ,78.7 ,79.4 ,80.0 ,80.5 ,81.0 ,81.4 
Myanmar,52.9 ,51.5 ,50.0 ,48.6 ,47.4 ,46.2 ,45.3 ,44.4 ,43.8 ,43.5 ,43.3 ,43.5 ,43.6 ,44.1 ,44.8 ,45.7 ,46.8 ,48.1 ,49.6 ,51.2 ,52.7 ,54.5 ,56.1 ,57.6 ,59.1 ,60.6 ,62.1 
Namibia,47.1 ,47.4 ,47.9 ,48.3 ,48.8 ,49.3 ,49.7 ,50.0 ,50.4 ,50.8 ,51.0 ,51.3 ,51.5 ,51.6 ,51.7 ,51.7 ,51.8 ,51.9 ,52.2 ,52.4 ,52.6 ,52.9 ,53.3 ,53.7 ,54.0 ,54.4 ,55.0 
Nepal,42.7 ,43.3 ,44.0 ,44.8 ,45.7 ,46.8 ,48.1 ,49.4 ,51.0 ,52.5 ,54.1 ,55.9 ,57.6 ,59.2 ,60.9 ,62.4 ,64.1 ,65.5 ,66.8 ,67.9 ,69.0 ,70.0 ,70.8 ,71.7 ,72.5 ,73.2 ,73.9 
Netherlands,12.5 ,11.8 ,11.3 ,10.9 ,10.6 ,10.4 ,10.3 ,10.3 ,10.3 ,10.3 ,10.4 ,10.5 ,10.6 ,10.7 ,10.8 ,11.0 ,11.2 ,11.4 ,11.7 ,12.0 ,12.4 ,12.8 ,13.4 ,14.1 ,14.9 ,15.8 ,16.9 
New Zealand,13.0 ,12.3 ,11.8 ,11.3 ,11.0 ,10.8 ,10.6 ,10.6 ,10.6 ,10.6 ,10.6 ,10.7 ,10.7 ,10.8 ,10.9 ,11.0 ,11.1 ,11.2 ,11.5 ,11.7 ,12.1 ,12.5 ,13.0 ,13.7 ,14.5 ,15.4 ,16.5 
Nicaragua,29.2 ,28.4 ,27.6 ,26.9 ,26.3 ,25.8 ,25.5 ,25.1 ,25.0 ,24.9 ,25.1 ,25.3 ,25.8 ,26.4 ,27.3 ,28.4 ,29.8 ,31.2 ,32.8 ,34.6 ,36.4 ,38.3 ,40.2 ,42.2 ,44.1 ,46.1 ,48.1 
Niger,77.3 ,77.6 ,78.0 ,78.3 ,78.7 ,79.0 ,79.4 ,79.9 ,80.4 ,81.0 ,81.5 ,82.0 ,82.6 ,83.1 ,83.6 ,84.1 ,84.5 ,84.8 ,85.1 ,85.4 ,85.6 ,85.8 ,85.9 ,86.0 ,86.0 ,86.0 ,85.9 
Nigeria,68.3 ,68.9 ,69.5 ,70.1 ,70.7 ,71.4 ,72.0 ,72.7 ,73.4 ,74.1 ,74.7 ,75.3 ,75.9 ,76.5 ,77.0 ,77.5 ,78.0 ,78.4 ,78.8 ,79.0 ,79.3 ,79.5 ,79.6 ,79.7 ,79.7 ,79.8 ,79.7 
Norway,12.1 ,11.4 ,10.9 ,10.5 ,10.2 ,10.1 ,10.0 ,9.9 ,10.0 ,10.0 ,10.1 ,10.2 ,10.3 ,10.3 ,10.4 ,10.6 ,10.7 ,10.9 ,11.2 ,11.4 ,11.8 ,12.2 ,12.7 ,13.3 ,14.0 ,14.9 ,16.0 
Oman,38.4 ,38.3 ,38.4 ,38.5 ,38.7 ,39.0 ,39.3 ,39.8 ,40.3 ,40.9 ,41.5 ,42.0 ,42.5 ,43.1 ,43.6 ,44.2 ,44.9 ,45.9 ,46.9 ,48.0 ,49.2 ,50.2 ,51.2 ,52.5 ,53.5 ,54.6 ,55.5 
Pakistan,58.8 ,58.5 ,58.2 ,58.0 ,57.7 ,57.5 ,57.0 ,56.8 ,56.4 ,56.3 ,56.3 ,56.5 ,56.7 ,57.1 ,57.5 ,58.2 ,58.9 ,60.0 ,61.2 ,62.5 ,63.8 ,65.1 ,66.3 ,67.5 ,68.7 ,69.8 ,70.8 
Panama,28.7 ,28.6 ,28.6 ,28.7 ,28.9 ,29.2 ,29.4 ,29.8 ,30.0 ,30.2 ,30.4 ,30.3 ,30.2 ,30.0 ,29.8 ,29.5 ,29.3 ,29.1 ,28.8 ,28.6 ,28.6 ,28.4 ,28.3 ,28.4 ,28.6 ,29.1 ,29.6 
Papua New Guinea,48.4 ,48.1 ,48.0 ,48.0 ,47.9 ,47.9 ,48.1 ,48.2 ,48.3 ,48.6 ,48.7 ,48.9 ,49.0 ,49.1 ,49.4 ,49.5 ,49.9 ,50.2 ,50.7 ,51.1 ,51.8 ,52.5 ,53.2 ,53.9 ,54.7 ,55.6 ,56.3 
Paraguay,25.7 ,25.0 ,24.5 ,24.1 ,23.8 ,23.6 ,23.5 ,23.5 ,23.6 ,23.9 ,24.1 ,24.4 ,24.8 ,25.1 ,25.4 ,25.9 ,26.4 ,27.0 ,27.9 ,28.7 ,29.6 ,30.8 ,31.9 ,33.2 ,34.8 ,36.3 ,38.0 
Peru,31.9 ,32.8 ,33.9 ,35.1 ,36.4 ,37.9 ,39.5 ,41.1 ,42.7 ,44.2 ,45.5 ,46.7 ,47.9 ,48.7 ,49.2 ,49.8 ,50.3 ,50.9 ,51.4 ,51.9 ,52.4 ,52.9 ,53.3 ,53.5 ,53.8 ,54.1 ,54.6 
Philippines,17.5 ,17.9 ,18.6 ,19.5 ,20.6 ,22.0 ,23.4 ,24.7 ,26.2 ,27.7 ,29.1 ,30.4 ,31.5 ,32.6 ,33.5 ,34.4 ,35.3 ,36.1 ,37.0 ,37.9 ,38.8 ,39.8 ,40.7 ,41.7 ,42.7 ,43.8 ,44.9 
Poland,26.3 ,25.6 ,25.1 ,24.6 ,24.4 ,24.3 ,24.4 ,24.6 ,24.8 ,25.1 ,25.4 ,25.7 ,25.9 ,26.0 ,26.1 ,26.3 ,26.5 ,26.7 ,27.1 ,27.5 ,28.0 ,28.7 ,29.4 ,30.4 ,31.5 ,32.7 ,34.1 
Portugal,13.5 ,12.8 ,12.3 ,11.9 ,11.7 ,11.5 ,11.5 ,11.5 ,11.5 ,11.7 ,11.8 ,12.0 ,12.1 ,12.3 ,12.5 ,12.7 ,13.0 ,13.3 ,13.6 ,14.1 ,14.5 ,15.1 ,15.7 ,16.5 ,17.5 ,18.5 ,19.8 
Qatar,26.3 ,26.0 ,25.8 ,25.7 ,25.7 ,25.9 ,26.1 ,26.5 ,26.8 ,27.2 ,27.5 ,27.8 ,27.9 ,28.1 ,28.3 ,28.4 ,28.7 ,29.1 ,29.5 ,30.1 ,30.7 ,31.3 ,32.0 ,32.6 ,33.3 ,34.3 ,35.2 
Republic of Korea,12.3 ,11.6 ,11.0 ,10.6 ,10.3 ,10.0 ,9.9 ,9.8 ,9.8 ,9.7 ,9.7 ,9.7 ,9.7 ,9.7 ,9.7 ,9.7 ,9.7 ,9.7 ,9.7 ,9.8 ,9.9 ,10.1 ,10.4 ,10.8 ,11.3 ,12.0 ,12.8 
Republic of Moldova,26.3 ,26.0 ,25.9 ,26.0 ,26.3 ,26.7 ,27.3 ,28.0 ,28.7 ,29.3 ,29.8 ,30.1 ,30.3 ,30.2 ,30.1 ,30.0 ,29.8 ,29.7 ,29.7 ,29.7 ,29.9 ,30.2 ,30.7 ,31.3 ,32.1 ,33.1 ,34.2 
North Macedonia,25.1 ,24.3 ,23.6 ,23.2 ,22.9 ,22.9 ,23.0 ,23.3 ,23.6 ,24.0 ,24.3 ,24.5 ,24.7 ,24.8 ,24.9 ,25.0 ,25.2 ,25.5 ,25.9 ,26.5 ,27.3 ,28.1 ,29.2 ,30.4 ,31.9 ,33.6 ,35.3 
Romania,26.8 ,26.2 ,25.7 ,25.4 ,25.2 ,25.1 ,25.2 ,25.4 ,25.6 ,25.9 ,26.2 ,26.4 ,26.6 ,26.7 ,26.9 ,27.0 ,27.2 ,27.5 ,27.9 ,28.4 ,29.0 ,29.6 ,30.5 ,31.4 ,32.4 ,33.7 ,35.1 
Russian Federation,25.7 ,25.0 ,24.5 ,24.1 ,23.9 ,23.9 ,24.1 ,24.3 ,24.6 ,24.9 ,25.2 ,25.5 ,25.7 ,25.8 ,26.0 ,26.1 ,26.3 ,26.6 ,26.9 ,27.3 ,27.8 ,28.4 ,29.2 ,30.1 ,31.1 ,32.4 ,33.7 
Rwanda,36.2 ,36.5 ,37.0 ,37.6 ,38.3 ,39.0 ,39.8 ,40.7 ,41.8 ,43.0 ,44.0 ,45.1 ,46.2 ,47.1 ,47.7 ,48.7 ,49.7 ,50.6 ,51.7 ,52.9 ,54.4 ,55.9 ,57.5 ,58.9 ,60.6 ,62.2 ,63.7 
Saint Lucia,35.3 ,35.1 ,35.1 ,35.1 ,35.3 ,35.6 ,36.0 ,36.3 ,36.5 ,36.8 ,37.1 ,37.2 ,37.3 ,37.5 ,37.6 ,37.5 ,37.9 ,38.2 ,38.7 ,39.1 ,39.7 ,40.4 ,41.2 ,41.9 ,42.9 ,43.9 ,45.1 
Saint Vincent and the Grenadines,32.9 ,32.8 ,32.7 ,32.8 ,32.9 ,33.2 ,33.3 ,33.6 ,34.0 ,34.3 ,34.6 ,34.8 ,34.9 ,35.0 ,35.1 ,35.3 ,35.5 ,36.0 ,36.4 ,36.9 ,37.5 ,38.1 ,38.9 ,39.7 ,40.5 ,41.6 ,42.7 
Samoa,43.0 ,42.0 ,41.1 ,40.3 ,39.6 ,39.1 ,38.5 ,38.1 ,37.6 ,37.2 ,36.8 ,36.5 ,36.0 ,35.5 ,35.2 ,35.0 ,34.7 ,34.7 ,34.8 ,35.1 ,35.7 ,36.3 ,37.0 ,37.8 ,38.9 ,40.0 ,41.2 
Sao Tome and Principe,65.3 ,64.8 ,64.4 ,63.8 ,63.3 ,62.8 ,62.3 ,61.9 ,61.7 ,61.5 ,61.5 ,61.6 ,61.8 ,62.0 ,62.3 ,62.7 ,63.2 ,63.8 ,64.5 ,65.3 ,66.0 ,66.7 ,67.4 ,68.1 ,68.8 ,69.5 ,70.1 
Saudi Arabia,37.8 ,37.8 ,38.0 ,38.3 ,38.7 ,39.1 ,39.6 ,40.2 ,40.8 ,41.5 ,42.2 ,42.9 ,43.4 ,44.0 ,44.6 ,45.2 ,45.9 ,46.8 ,47.7 ,48.6 ,49.6 ,50.6 ,51.4 ,52.3 ,53.3 ,54.2 ,55.2 
Senegal,67.9 ,69.3 ,70.8 ,72.3 ,73.8 ,75.2 ,76.5 ,77.6 ,78.7 ,79.6 ,80.4 ,81.1 ,81.8 ,82.3 ,82.7 ,83.1 ,83.4 ,83.7 ,83.9 ,84.0 ,84.0 ,84.0 ,83.9 ,83.7 ,83.6 ,83.3 ,83.0 
Serbia,26.4 ,25.8 ,25.4 ,25.1 ,25.0 ,25.0 ,25.2 ,25.5 ,25.9 ,26.3 ,26.6 ,26.9 ,27.2 ,27.4 ,27.6 ,27.8 ,28.0 ,28.4 ,28.8 ,29.3 ,29.9 ,30.7 ,31.6 ,32.6 ,33.8 ,35.2 ,36.6 
Seychelles,35.0 ,34.8 ,34.7 ,34.7 ,34.8 ,35.0 ,35.1 ,35.5 ,36.1 ,36.5 ,37.2 ,37.7 ,38.1 ,38.4 ,38.8 ,39.4 ,40.1 ,40.9 ,42.0 ,43.1 ,44.5 ,45.9 ,47.4 ,49.1 ,50.8 ,52.6 ,54.4 
Sierra Leone,77.3 ,77.3 ,77.3 ,77.4 ,77.4 ,77.4 ,77.5 ,77.5 ,77.7 ,77.8 ,78.1 ,78.4 ,78.6 ,79.0 ,79.4 ,79.8 ,80.2 ,80.6 ,80.8 ,81.1 ,81.3 ,81.5 ,81.7 ,81.9 ,82.0 ,82.1 ,82.2 
Singapore,16.9 ,16.2 ,15.5 ,15.0 ,14.6 ,14.3 ,14.1 ,13.9 ,13.8 ,13.7 ,13.7 ,13.7 ,13.7 ,13.7 ,13.8 ,13.9 ,14.1 ,14.3 ,14.7 ,15.0 ,15.5 ,16.1 ,16.7 ,17.4 ,18.2 ,19.1 ,20.0 
Slovakia,26.1 ,25.4 ,25.0 ,24.7 ,24.5 ,24.5 ,24.7 ,24.9 ,25.2 ,25.5 ,25.9 ,26.1 ,26.3 ,26.5 ,26.7 ,26.9 ,27.1 ,27.5 ,27.8 ,28.3 ,28.9 ,29.6 ,30.4 ,31.3 ,32.4 ,33.6 ,35.0 
Slovenia,26.9 ,26.2 ,25.7 ,25.3 ,25.0 ,25.0 ,25.0 ,25.2 ,25.5 ,25.8 ,26.1 ,26.4 ,26.6 ,26.8 ,27.0 ,27.2 ,27.5 ,27.8 ,28.2 ,28.7 ,29.3 ,30.0 ,30.9 ,31.9 ,33.0 ,34.3 ,35.7 
Solomon Islands,42.9 ,43.0 ,43.4 ,43.8 ,44.2 ,44.7 ,45.2 ,45.5 ,46.0 ,46.4 ,46.7 ,47.0 ,47.1 ,47.0 ,47.0 ,46.8 ,46.8 ,46.6 ,46.7 ,47.0 ,47.2 ,47.6 ,48.0 ,48.6 ,49.1 ,49.9 ,50.7 
Somalia,55.8 ,55.9 ,56.1 ,56.3 ,56.7 ,57.1 ,57.7 ,58.3 ,59.1 ,59.9 ,60.8 ,61.5 ,62.3 ,63.2 ,64.0 ,65.0 ,66.1 ,67.3 ,68.3 ,69.6 ,70.7 ,71.8 ,72.9 ,73.8 ,74.8 ,75.7 ,76.5 
South Africa,36.8 ,36.7 ,36.8 ,37.0 ,37.2 ,37.5 ,37.7 ,37.8 ,37.9 ,38.0 ,38.0 ,37.9 ,37.6 ,37.1 ,36.7 ,36.1 ,35.6 ,35.2 ,34.8 ,34.5 ,34.0 ,33.9 ,33.8 ,33.9 ,34.0 ,34.4 ,34.9 
South Sudan,58.0 ,58.6 ,59.2 ,59.9 ,60.7 ,61.5 ,62.4 ,63.3 ,64.3 ,65.4 ,66.6 ,67.6 ,68.6 ,69.4 ,70.4 ,71.3 ,72.2 ,73.1 ,74.1 ,75.0 ,75.8 ,76.7 ,77.4 ,78.0 ,78.8 ,79.4 ,80.1 
Spain,13.1 ,12.4 ,11.8 ,11.3 ,11.0 ,10.8 ,10.7 ,10.6 ,10.6 ,10.7 ,10.8 ,10.9 ,11.0 ,11.1 ,11.3 ,11.4 ,11.6 ,11.8 ,12.0 ,12.3 ,12.7 ,13.2 ,13.8 ,14.5 ,15.3 ,16.3 ,17.4 
Sri Lanka,25.6 ,25.3 ,25.2 ,25.3 ,25.5 ,26.1 ,26.8 ,27.5 ,28.4 ,29.2 ,30.2 ,30.9 ,31.6 ,32.4 ,33.2 ,34.0 ,35.1 ,36.4 ,37.7 ,39.1 ,40.6 ,42.1 ,43.6 ,45.1 ,46.7 ,48.2 ,49.9 
Sudan,57.2 ,57.9 ,58.7 ,59.7 ,60.6 ,61.7 ,62.9 ,64.0 ,65.3 ,66.7 ,68.3 ,69.6 ,70.9 ,72.1 ,73.5 ,74.8 ,76.0 ,77.3 ,78.5 ,79.7 ,80.7 ,81.7 ,82.6 ,83.3 ,84.1 ,84.8 ,85.4 
Suriname,34.3 ,34.3 ,34.5 ,34.7 ,35.0 ,35.4 ,35.8 ,36.3 ,36.7 ,37.2 ,37.5 ,37.8 ,38.0 ,38.2 ,38.4 ,38.5 ,38.9 ,39.2 ,39.5 ,40.0 ,40.4 ,40.9 ,41.4 ,41.9 ,42.4 ,43.2 ,44.0 
Sweden,12.3 ,11.7 ,11.1 ,10.8 ,10.5 ,10.3 ,10.2 ,10.2 ,10.2 ,10.2 ,10.3 ,10.4 ,10.4 ,10.5 ,10.6 ,10.7 ,10.8 ,10.9 ,11.1 ,11.3 ,11.6 ,12.0 ,12.4 ,13.0 ,13.7 ,14.5 ,15.5 
Switzerland,12.9 ,12.2 ,11.6 ,11.1 ,10.8 ,10.6 ,10.5 ,10.4 ,10.4 ,10.4 ,10.5 ,10.6 ,10.7 ,10.8 ,10.9 ,11.0 ,11.1 ,11.3 ,11.5 ,11.8 ,12.1 ,12.6 ,13.1 ,13.8 ,14.6 ,15.6 ,16.7 
Syrian Arab Republic,34.9 ,34.5 ,34.4 ,34.4 ,34.6 ,34.9 ,35.1 ,35.5 ,36.1 ,36.8 ,37.4 ,38.0 ,38.5 ,39.0 ,39.4 ,40.1 ,40.8 ,41.7 ,42.7 ,43.9 ,45.0 ,46.2 ,47.3 ,48.5 ,49.7 ,50.9 ,52.1 
Tajikistan,31.3 ,30.9 ,30.8 ,30.8 ,31.0 ,31.4 ,31.9 ,32.6 ,33.5 ,34.4 ,35.2 ,36.0 ,36.8 ,37.5 ,38.2 ,39.0 ,39.8 ,40.7 ,41.5 ,42.2 ,42.9 ,43.4 ,44.1 ,44.7 ,45.4 ,46.2 ,47.2 
Thailand,28.3 ,27.4 ,26.7 ,26.0 ,25.5 ,25.2 ,25.0 ,24.7 ,24.7 ,24.8 ,24.9 ,25.2 ,25.4 ,25.7 ,26.3 ,26.8 ,27.6 ,28.3 ,29.3 ,30.4 ,31.8 ,33.2 ,35.0 ,36.7 ,38.5 ,40.4 ,42.3 
Timor-Leste,61.4 ,59.5 ,57.3 ,54.9 ,52.2 ,49.5 ,46.7 ,44.3 ,42.0 ,40.2 ,38.7 ,37.3 ,36.3 ,35.8 ,35.8 ,36.0 ,36.7 ,37.9 ,39.2 ,40.8 ,42.6 ,44.4 ,46.4 ,48.3 ,50.1 ,51.9 ,53.6 
Togo,71.0 ,71.2 ,71.5 ,71.8 ,72.0 ,72.3 ,72.7 ,73.1 ,73.6 ,74.1 ,74.6 ,75.2 ,75.7 ,76.3 ,76.9 ,77.4 ,77.9 ,78.5 ,78.9 ,79.4 ,79.8 ,80.2 ,80.5 ,80.7 ,80.8 ,81.0 ,81.0 
Tonga,37.9 ,37.7 ,37.6 ,37.6 ,37.6 ,37.8 ,37.9 ,38.1 ,38.3 ,38.5 ,38.6 ,38.7 ,38.7 ,38.7 ,38.5 ,38.6 ,38.7 ,38.8 ,39.1 ,39.4 ,39.8 ,40.3 ,40.9 ,41.5 ,42.3 ,43.3 ,44.3 
Trinidad and Tobago,32.1 ,31.8 ,31.7 ,31.6 ,31.7 ,31.9 ,32.0 ,32.2 ,32.5 ,32.8 ,33.0 ,33.2 ,33.4 ,33.5 ,33.7 ,33.9 ,34.1 ,34.6 ,35.3 ,35.9 ,36.6 ,37.4 ,38.3 ,39.3 ,40.3 ,41.5 ,42.7 
Tunisia,28.8 ,28.1 ,27.5 ,27.2 ,27.0 ,26.9 ,26.9 ,26.8 ,27.0 ,27.3 ,27.5 ,27.7 ,27.7 ,27.9 ,28.0 ,28.2 ,28.7 ,29.3 ,30.0 ,30.9 ,31.9 ,33.0 ,34.4 ,35.8 ,37.3 ,39.0 ,40.7 
Turkey,28.0 ,27.8 ,27.7 ,27.8 ,28.1 ,28.5 ,29.0 ,29.5 ,30.4 ,31.2 ,32.0 ,32.8 ,33.4 ,34.0 ,34.7 ,35.4 ,36.2 ,37.2 ,38.2 ,39.2 ,40.4 ,41.5 ,42.6 ,43.8 ,45.0 ,46.2 ,47.5 
Turkmenistan,28.1 ,27.9 ,27.9 ,27.9 ,28.2 ,28.6 ,29.0 ,29.6 ,30.2 ,31.0 ,31.7 ,32.3 ,32.9 ,33.5 ,34.1 ,34.7 ,35.6 ,36.3 ,37.3 ,38.1 ,39.0 ,39.8 ,40.7 ,41.5 ,42.4 ,43.5 ,44.7 
Uganda,51.1 ,52.1 ,53.3 ,54.7 ,56.2 ,57.8 ,59.5 ,61.2 ,63.0 ,64.6 ,66.1 ,67.3 ,68.4 ,69.1 ,70.0 ,70.6 ,71.5 ,72.2 ,73.0 ,73.8 ,74.5 ,75.2 ,76.0 ,76.6 ,77.2 ,77.8 ,78.4 
Ukraine,26.0 ,25.4 ,24.9 ,24.6 ,24.4 ,24.4 ,24.5 ,24.7 ,25.0 ,25.3 ,25.5 ,25.7 ,25.9 ,26.0 ,26.2 ,26.3 ,26.5 ,26.7 ,27.0 ,27.5 ,28.0 ,28.6 ,29.4 ,30.4 ,31.4 ,32.7 ,34.0 
United Arab Emirates,27.2 ,27.0 ,26.9 ,26.9 ,27.0 ,27.2 ,27.5 ,27.8 ,28.2 ,28.8 ,29.1 ,29.5 ,29.8 ,30.2 ,30.5 ,30.7 ,31.2 ,31.9 ,32.4 ,33.1 ,34.0 ,35.0 ,35.8 ,36.7 ,37.8 ,38.8 ,40.0 
United Kingdom of Great Britain and Northern Ireland,11.8 ,11.1 ,10.6 ,10.1 ,9.8 ,9.6 ,9.5 ,9.5 ,9.4 ,9.4 ,9.5 ,9.5 ,9.5 ,9.6 ,9.6 ,9.6 ,9.7 ,9.8 ,9.9 ,10.0 ,10.2 ,10.5 ,10.8 ,11.3 ,11.9 ,12.7 ,13.7 
United Republic of Tanzania,55.2 ,56.2 ,57.3 ,58.5 ,59.7 ,61.0 ,62.4 ,63.7 ,65.1 ,66.5 ,67.7 ,68.7 ,69.7 ,70.6 ,71.3 ,72.0 ,72.7 ,73.4 ,74.1 ,74.6 ,75.3 ,75.8 ,76.4 ,76.8 ,77.3 ,77.7 ,78.2 
United States of America,8.5 ,7.8 ,7.2 ,6.8 ,6.6 ,6.4 ,6.3 ,6.2 ,6.1 ,6.1 ,6.1 ,6.1 ,6.1 ,6.1 ,6.1 ,6.2 ,6.2 ,6.3 ,6.5 ,6.8 ,7.1 ,7.6 ,8.4 ,9.4 ,10.8 ,12.5 ,14.5 
Uruguay,23.1 ,22.4 ,21.8 ,21.4 ,21.1 ,20.9 ,20.8 ,20.8 ,20.9 ,21.0 ,21.3 ,21.4 ,21.7 ,21.8 ,22.0 ,22.3 ,22.8 ,23.2 ,23.8 ,24.4 ,25.2 ,26.0 ,27.0 ,28.2 ,29.3 ,30.7 ,32.2 
Uzbekistan,36.6 ,36.9 ,37.5 ,38.2 ,39.1 ,40.2 ,41.4 ,42.7 ,44.2 ,45.6 ,47.1 ,48.6 ,50.1 ,51.5 ,52.7 ,54.2 ,55.7 ,57.0 ,58.4 ,59.8 ,61.0 ,61.9 ,62.8 ,63.3 ,63.8 ,64.4 ,64.8 
Vanuatu,28.3 ,29.0 ,29.8 ,30.8 ,31.9 ,33.0 ,34.1 ,35.2 ,36.1 ,36.8 ,37.4 ,37.9 ,38.2 ,38.5 ,38.6 ,38.8 ,38.9 ,39.1 ,39.3 ,39.7 ,40.0 ,40.4 ,40.8 ,41.4 ,42.1 ,43.0 ,44.0 
Venezuela (Bolivarian Republic of),30.0 ,29.8 ,29.6 ,29.6 ,29.6 ,29.7 ,29.8 ,30.0 ,30.2 ,30.4 ,30.4 ,30.5 ,30.4 ,30.4 ,30.2 ,30.2 ,30.2 ,30.2 ,30.3 ,30.4 ,30.7 ,31.0 ,31.5 ,32.0 ,32.6 ,33.5 ,34.3 
Viet Nam,33.9 ,33.1 ,32.5 ,32.0 ,31.6 ,31.4 ,31.2 ,31.2 ,31.4 ,31.6 ,32.0 ,32.4 ,32.9 ,33.5 ,34.4 ,35.4 ,36.6 ,38.0 ,39.6 ,41.2 ,43.0 ,44.8 ,46.7 ,48.5 ,50.4 ,52.3 ,53.9 
Yemen,83.5 ,83.6 ,83.7 ,83.7 ,83.7 ,83.6 ,83.5 ,83.4 ,83.4 ,83.4 ,83.5 ,83.5 ,83.7 ,83.8 ,83.9 ,84.1 ,84.3 ,84.5 ,84.8 ,85.0 ,85.1 ,85.2 ,85.3 ,85.4 ,85.4 ,85.5 ,85.5 
Zambia,54.2 ,54.4 ,54.7 ,55.1 ,55.6 ,56.0 ,56.5 ,57.0 ,57.4 ,58.0 ,58.5 ,58.8 ,59.2 ,59.7 ,60.2 ,61.2 ,62.2 ,63.3 ,64.8 ,66.1 ,67.6 ,69.2 ,70.6 ,72.0 ,73.3 ,74.6 ,75.8 
Zimbabwe,41.7 ,43.3 ,45.1 ,46.9 ,48.6 ,50.2 ,51.5 ,52.4 ,53.2 ,53.5 ,53.4 ,53.2 ,52.4 ,51.4 ,50.1 ,48.6 ,47.2 ,45.9 ,44.6 ,43.6 ,42.6 ,41.8 ,41.2 ,41.0 ,40.5 ,40.5 ,40.8 
